KnapsackId,NumberOfItems,CpuTime,NodesVisited,Item_0,Item_1,Item_2,Item_3,Item_4,Item_5,Item_6,Item_7,Item_8,Item_9,Item_10,Item_11,Item_12,Item_13,Item_14
1,15,0.015625,10008,false,true,false,true,true,true,false,false,true,false,true,true,true,true,true
2,15,0.015625,13143,true,true,true,false,true,true,true,true,true,false,false,true,false,true,true
3,15,0.015625,11110,false,false,false,true,true,true,false,true,true,true,true,true,true,false,true
4,15,0.0,194,false,true,false,true,true,false,false,false,false,false,true,false,true,false,false
5,15,0.0,16383,true,true,true,true,true,true,true,true,true,true,true,true,false,true,true
6,15,0.0,37,true,false,false,true,false,false,false,false,false,true,false,false,false,false,false
7,15,0.015625,16309,true,true,true,true,false,false,true,true,true,true,true,true,true,false,true
8,15,0.0,16371,true,true,true,true,true,true,true,true,true,true,true,true,true,false,true
9,15,0.0,16379,true,false,true,true,true,true,true,true,true,true,true,true,true,true,true
10,15,0.015625,16384,true,true,true,true,true,true,true,true,true,true,true,true,true,true,false
11,15,0.0,633,true,true,false,false,false,true,false,false,false,false,false,true,false,false,true
12,15,0.0,6163,true,true,false,false,true,true,false,true,false,false,true,true,true,false,false
13,15,0.0,16254,true,true,true,true,true,true,false,false,true,false,true,true,true,true,true
14,15,0.015625,14614,true,true,true,false,false,true,true,false,true,true,true,true,true,true,true
15,15,0.0,4,false,false,false,false,false,false,false,false,false,false,false,false,true,false,false
16,15,0.0,10328,true,true,true,false,true,true,true,false,false,false,true,false,true,false,true
17,15,0.015625,130,false,false,false,false,false,false,true,false,true,false,false,false,false,true,false
18,15,0.0,9804,true,false,false,true,true,true,true,false,true,true,false,true,false,false,true
19,15,0.0,16377,true,true,true,true,true,true,true,true,true,true,true,true,true,false,false
20,15,0.015625,15409,true,false,true,true,true,true,true,false,false,true,true,true,true,true,false
21,15,0.0,16382,true,true,true,true,true,true,true,false,true,true,true,true,true,true,true
22,15,0.0,2461,false,true,true,false,false,true,true,true,false,false,true,true,false,false,true
23,15,0.0,9520,false,true,true,true,false,false,true,true,true,true,true,false,true,true,false
24,15,0.0,10184,true,true,true,true,false,true,true,true,true,false,false,true,false,false,true
25,15,0.0,7001,false,true,true,false,true,false,true,true,true,false,true,false,true,false,true
26,15,0.0,4003,true,false,true,false,false,true,false,false,true,true,true,true,true,true,true
27,15,0.0,849,true,true,false,false,false,true,false,true,true,false,true,false,false,false,true
28,15,0.0,16085,true,false,true,true,true,true,true,true,true,false,true,true,true,false,false
29,15,0.015625,15945,true,false,true,true,true,true,false,true,true,true,true,true,true,true,false
30,15,0.0,16096,true,true,true,false,true,true,true,true,false,true,true,true,false,true,true
31,15,0.0,14720,true,true,true,false,true,true,false,true,true,true,true,true,true,false,false
32,15,0.0,650,false,false,false,true,false,false,false,false,true,false,true,false,true,true,true
33,15,0.0,1,false,false,false,false,false,false,false,false,false,false,false,false,false,false,false
34,15,0.0,4872,true,false,false,false,true,true,true,false,true,true,true,true,false,false,false
35,15,0.0,7821,false,false,true,false,false,true,true,true,true,false,false,true,true,true,true
36,15,0.0,216,false,true,true,false,true,false,false,false,false,false,false,true,true,false,false
37,15,0.0,8074,false,true,false,true,false,false,true,true,false,true,true,false,true,true,true
38,15,0.0,75,true,false,true,false,false,true,false,false,false,true,false,false,false,false,false
39,15,0.0,2278,true,true,true,false,false,false,false,true,true,true,false,false,false,true,false
40,15,0.015625,12899,true,true,true,false,false,false,false,true,true,true,true,true,true,true,true
41,15,0.0,16363,true,true,true,true,true,true,true,true,true,true,true,false,true,false,true
42,15,0.0,943,true,true,false,false,false,true,true,false,false,false,false,false,true,false,true
43,15,0.015625,16384,true,true,true,true,true,true,true,true,true,true,true,true,true,false,true
44,15,0.0,2735,false,false,false,false,false,false,false,true,true,false,false,true,true,true,false
45,15,0.0,2824,false,false,false,false,true,false,true,false,true,true,false,true,true,false,false
46,15,0.015625,16384,true,true,true,true,false,true,true,true,true,true,true,true,true,true,true
47,15,0.0,16384,false,true,true,true,true,true,true,true,true,true,true,true,true,true,true
48,15,0.0,117,true,false,false,false,false,false,false,true,false,false,false,true,false,false,false
49,15,0.0,13705,true,true,true,true,true,true,false,false,false,false,false,true,true,true,true
50,15,0.0,11815,true,false,true,true,false,true,true,false,true,false,true,true,false,false,true
51,15,0.0,15841,true,false,true,true,true,true,false,true,true,true,true,true,true,true,true
52,15,0.015625,9722,true,true,false,false,true,false,false,true,false,true,true,false,false,true,true
53,15,0.0,7380,true,true,false,true,true,false,false,true,false,true,false,true,true,false,true
54,15,0.0,3004,false,false,true,false,false,true,false,false,false,true,true,true,false,false,true
55,15,0.0,15102,true,false,true,true,true,true,true,true,true,false,false,false,true,true,false
56,15,0.0,8936,true,true,false,true,false,false,true,false,true,true,true,true,false,true,false
57,15,0.0,12959,false,true,true,false,true,true,true,true,true,false,true,false,false,true,true
58,15,0.0,11,false,false,true,false,false,false,false,false,false,false,false,false,false,false,false
59,15,0.0,2,false,false,false,false,false,true,false,false,false,false,false,false,false,false,false
60,15,0.0,2316,true,false,false,true,false,true,false,true,false,false,false,true,false,true,false
61,15,0.0,16148,true,true,true,true,true,true,true,true,false,true,true,true,true,false,true
62,15,0.0,16384,true,true,true,true,true,true,true,true,true,true,true,true,true,true,false
63,15,0.0,614,false,true,false,false,true,false,true,false,false,false,false,false,true,false,false
64,15,0.0,9681,false,false,true,false,true,true,false,true,false,true,true,false,true,false,true
65,15,0.0,6895,false,false,true,true,true,false,false,true,true,true,true,false,false,true,true
66,15,0.0,40,true,false,false,false,false,true,false,false,false,true,false,false,false,false,true
67,15,0.0,4118,false,true,true,true,false,false,true,false,false,true,false,false,true,false,true
68,15,0.0,9974,true,true,true,true,false,false,false,true,false,true,true,false,true,false,false
69,15,0.0,1963,true,false,false,false,false,true,true,false,true,true,false,false,true,false,false
70,15,0.0,12991,true,true,true,true,true,false,true,true,true,false,true,false,false,false,true
71,15,0.0,1825,true,false,true,true,false,false,false,false,true,true,false,false,false,true,true
72,15,0.0,12608,true,false,true,true,true,true,false,false,true,true,false,true,true,false,true
73,15,0.0,5934,true,false,false,true,false,false,false,true,true,false,true,true,true,true,false
74,15,0.0,690,true,false,false,false,false,true,true,false,false,false,true,true,false,true,false
75,15,0.0,251,true,false,true,true,false,false,false,false,true,false,false,false,false,false,true
76,15,0.015625,15399,true,true,true,false,true,false,true,true,true,true,false,true,true,true,true
77,15,0.0,31,false,false,false,true,false,false,false,false,false,false,false,true,true,false,false
78,15,0.0,16366,true,true,true,true,true,true,true,true,true,true,false,true,true,true,true
79,15,0.015625,16383,true,true,false,true,true,true,true,true,true,true,true,true,true,false,true
80,15,0.0,984,false,false,true,false,false,false,false,true,true,true,true,false,false,false,true
81,15,0.0,15871,true,true,true,true,false,true,false,true,true,true,false,false,true,true,true
82,15,0.0,16384,true,true,true,true,true,true,false,true,true,true,true,true,true,true,true
83,15,0.0,16380,true,true,true,true,true,true,true,false,true,true,true,true,true,true,false
84,15,0.015625,16222,true,true,true,true,true,true,true,true,true,true,false,true,false,true,true
85,15,0.0,104,true,false,false,false,false,false,false,true,false,false,false,false,true,false,true
86,15,0.0,53,false,true,true,false,false,false,false,false,false,true,false,false,false,false,false
87,15,0.0,1917,true,true,false,false,true,false,true,false,false,true,false,true,false,true,false
88,15,0.015625,16384,true,true,true,true,true,true,true,true,false,true,true,true,true,true,true
89,15,0.0,15918,true,true,false,true,true,true,false,true,false,true,true,true,false,true,true
90,15,0.0,1012,true,false,true,false,true,false,true,false,false,false,false,true,true,false,false
91,15,0.0,243,true,true,false,false,false,false,true,false,true,true,false,false,false,false,false
92,15,0.0,16384,true,true,false,true,true,true,true,true,true,true,true,true,true,true,true
93,15,0.0,151,false,true,false,false,false,true,false,false,false,true,false,true,true,false,true
94,15,0.0,6109,false,false,false,true,true,true,true,true,false,true,true,false,true,true,true
95,15,0.015625,14547,true,true,true,true,false,false,false,true,false,true,true,true,true,false,true
96,15,0.0,8825,true,true,true,true,false,true,true,false,false,true,true,false,true,false,true
97,15,0.0,517,false,false,true,false,false,true,true,false,false,false,false,false,true,true,true
98,15,0.0,1903,true,false,true,false,false,true,false,false,true,false,true,false,true,false,false
99,15,0.015625,14650,true,true,true,true,false,true,true,true,true,true,false,false,true,false,false
100,15,0.0,15304,false,true,true,true,true,true,true,true,true,false,false,false,true,true,true
101,15,0.0,15786,true,true,true,true,true,false,true,true,false,true,true,false,false,true,true
102,15,0.0,16384,true,true,true,true,true,true,true,false,true,true,true,true,true,true,true
103,15,0.0,3573,false,false,true,true,false,false,false,true,false,true,true,false,true,false,true
104,15,0.015625,14714,true,true,true,false,true,true,true,false,true,true,true,false,true,true,true
105,15,0.0,12158,false,true,true,true,false,true,false,true,false,true,false,true,true,true,true
106,15,0.0,899,false,true,true,false,true,true,false,true,false,false,false,false,false,true,false
107,15,0.0,11,false,false,false,false,false,false,false,false,false,false,true,false,false,false,false
108,15,0.015625,16384,true,true,true,true,true,true,true,true,true,false,true,true,true,true,true
109,15,0.0,1589,false,false,true,false,true,true,false,true,false,false,false,false,false,true,true
110,15,0.0,12826,true,true,true,true,false,true,false,false,true,false,false,false,false,true,true
111,15,0.015625,15971,true,true,false,false,true,true,true,true,false,true,true,true,true,true,true
112,15,0.0,15740,true,true,true,true,true,false,true,false,false,true,true,true,true,true,true
113,15,0.015625,14621,true,true,false,true,true,true,false,true,false,true,true,true,true,true,false
114,15,0.0,16383,true,true,true,true,true,true,true,true,false,true,true,true,true,true,true
115,15,0.0,16384,true,true,true,true,false,true,true,true,true,true,true,true,true,true,true
116,15,0.0,11118,false,false,true,true,true,true,true,false,true,false,true,true,false,true,true
117,15,0.0,9178,true,true,true,true,false,true,true,true,false,false,true,false,false,false,false
118,15,0.0,16118,true,false,false,true,true,true,true,false,true,true,true,true,true,true,true
119,15,0.0,608,false,false,true,false,false,false,false,false,false,true,false,true,true,true,true
120,15,0.0,13402,false,true,false,true,true,true,true,true,true,true,false,true,true,false,true
121,15,0.0,15848,true,true,true,true,false,true,true,true,true,true,false,false,true,true,true
122,15,0.0,1,false,false,false,false,false,false,false,false,false,false,false,false,false,false,false
123,15,0.0,19,false,false,false,false,false,false,false,false,true,true,false,false,false,false,false
124,15,0.0,16261,true,false,true,false,true,true,true,true,false,true,true,true,true,true,true
125,15,0.0,16048,true,true,true,false,false,true,true,true,true,true,false,false,true,true,true
126,15,0.0,8318,true,true,false,false,true,true,true,true,true,true,false,false,false,false,false
127,15,0.015625,16384,true,true,true,true,true,true,true,true,true,true,true,true,false,true,true
128,15,0.0,14521,true,true,true,true,true,true,false,true,false,true,true,false,true,false,false
129,15,0.0,8973,true,true,false,false,true,false,true,true,true,false,false,false,false,true,true
130,15,0.0,12643,true,true,true,true,false,true,true,true,true,true,true,false,true,false,false
131,15,0.0,258,true,false,false,true,true,false,false,true,false,false,false,false,true,false,false
132,15,0.0,2874,true,true,true,true,true,true,false,false,false,true,false,false,false,false,true
133,15,0.0,10000,true,true,true,false,true,true,true,true,false,false,false,true,false,true,true
134,15,0.0,8,false,false,false,false,false,false,true,true,false,false,false,false,false,false,false
135,15,0.0,12812,true,true,true,true,false,true,false,false,true,false,true,true,true,true,true
136,15,0.0,16351,true,true,true,true,true,true,true,true,true,false,false,true,true,true,true
137,15,0.0,21,false,false,false,false,false,true,false,false,false,false,false,false,false,true,false
138,15,0.0,15738,true,true,true,true,false,true,true,true,true,false,true,true,false,true,true
139,15,0.0,4013,true,true,false,true,true,false,false,true,true,false,false,true,false,true,false
140,15,0.0,38,false,false,false,false,false,false,false,false,false,false,true,true,false,false,true
141,15,0.0,321,false,false,false,false,false,true,true,true,false,false,true,true,true,false,false
142,15,0.0,5399,true,true,false,true,true,true,true,false,true,false,false,true,true,true,false
143,15,0.0,22,false,false,false,true,true,true,false,false,false,false,false,false,false,true,true
144,15,0.0,3213,false,true,false,false,false,true,true,true,true,true,false,false,true,true,true
145,15,0.0,8280,true,true,true,false,true,true,true,false,false,false,true,false,true,false,true
146,15,0.0,14884,true,true,false,true,true,true,true,true,false,true,true,true,false,true,true
147,15,0.0,14417,false,true,true,true,true,false,true,false,false,false,true,true,true,true,true
148,15,0.015625,16373,true,true,true,true,true,false,true,true,true,false,true,true,true,true,false
149,15,0.0,2489,false,false,false,true,false,true,true,true,true,false,false,false,true,true,false
150,15,0.0,16362,true,true,true,true,true,true,true,true,true,true,true,false,true,true,false
151,15,0.0,3,false,false,true,false,false,false,false,false,false,false,false,false,false,false,false
152,15,0.0,3310,false,true,false,false,false,true,false,true,true,true,false,false,true,true,false
153,15,0.0,2565,false,true,true,true,true,true,true,false,true,false,false,false,false,false,false
154,15,0.0,4641,true,false,false,true,true,true,false,true,false,false,false,false,true,true,true
155,15,0.0,29,true,false,false,false,true,true,false,false,false,false,false,true,false,false,true
156,15,0.0,15165,true,true,true,false,true,true,true,true,true,true,false,true,true,false,true
157,15,0.0,16195,false,true,true,false,true,true,true,true,true,true,true,true,true,true,true
158,15,0.0,1471,false,true,false,false,true,false,false,true,false,true,false,true,false,true,true
159,15,0.0,653,false,true,false,true,false,false,false,false,false,true,true,false,true,true,false
160,15,0.0,16151,true,true,false,true,true,true,true,true,true,false,true,true,true,false,true
161,15,0.0,5144,true,true,false,true,true,false,false,false,false,true,true,true,false,false,true
162,15,0.0,1244,true,false,false,true,false,false,false,true,true,true,false,false,false,false,true
163,15,0.0,353,true,false,true,false,false,false,false,true,true,false,false,false,false,false,true
164,15,0.0,1383,false,false,true,false,false,true,false,false,false,true,true,false,false,false,true
165,15,0.0,15611,true,true,true,false,true,true,true,true,false,true,true,true,true,true,true
166,15,0.0,2474,true,true,false,false,false,true,false,false,false,true,false,true,false,true,false
167,15,0.0,16255,false,false,true,true,true,true,true,true,true,true,true,true,true,true,false
168,15,0.0,4,false,false,false,false,false,false,false,false,false,false,false,false,true,false,true
169,15,0.0,15033,true,true,true,false,true,false,true,false,true,true,true,true,true,false,true
170,15,0.0,4233,false,false,false,true,true,true,true,true,true,true,false,false,false,true,true
171,15,0.0,112,true,false,false,false,false,true,true,false,true,false,false,false,true,false,false
172,15,0.0,16377,true,false,true,true,true,true,true,true,true,true,true,true,true,true,true
173,15,0.015625,15785,false,true,true,false,true,true,false,true,true,true,true,true,true,true,true
174,15,0.0,15018,true,true,false,true,true,true,false,true,true,true,false,true,true,true,true
175,15,0.0,14603,true,true,true,true,true,true,true,false,false,true,true,true,false,true,false
176,15,0.0,14434,true,true,true,true,false,true,true,true,true,false,true,true,false,true,false
177,15,0.0,301,false,true,false,true,true,true,false,false,true,false,false,false,true,false,false
178,15,0.0,15981,true,true,true,true,true,true,true,true,false,true,true,true,true,false,true
179,15,0.0,427,false,false,false,true,false,false,false,false,true,true,true,false,false,false,false
180,15,0.015625,13749,true,true,false,false,true,true,false,true,true,false,true,true,true,true,true
181,15,0.0,345,false,false,false,true,true,true,true,false,false,true,false,false,false,false,true
182,15,0.0,9391,true,false,true,false,false,false,true,true,true,true,true,true,true,true,true
183,15,0.0,128,false,true,true,false,true,false,false,false,false,false,false,false,false,false,false
184,15,0.0,13590,true,true,true,true,false,true,false,false,true,true,true,false,true,true,true
185,15,0.0,2980,true,true,false,false,false,true,false,true,false,false,true,false,false,false,true
186,15,0.0,15699,true,false,true,true,true,true,false,true,true,false,true,true,true,true,true
187,15,0.0,2054,true,true,false,true,false,false,false,true,true,false,false,true,true,false,false
188,15,0.015625,16105,true,true,true,false,true,true,false,true,true,true,true,true,true,true,true
189,15,0.0,16379,true,true,true,true,true,true,true,true,true,false,true,true,true,true,true
190,15,0.0,16384,true,true,true,true,true,true,true,true,true,false,true,true,true,true,true
191,15,0.0,11712,true,true,true,true,true,false,false,false,true,false,false,true,true,false,true
192,15,0.0,1307,false,false,false,true,true,false,false,false,true,false,true,true,true,false,true
193,15,0.0,11493,true,true,false,true,false,true,false,true,true,true,false,true,true,true,true
194,15,0.0,16384,true,false,true,true,true,true,true,true,true,true,true,true,true,true,true
195,15,0.0,14092,true,true,true,true,false,true,true,false,true,true,true,true,true,true,true
196,15,0.0,9061,false,true,false,true,false,false,true,true,true,true,false,true,true,false,true
197,15,0.0,389,true,false,true,false,false,false,false,false,true,false,false,true,false,true,false
198,15,0.0,88,false,true,false,true,false,true,false,false,false,false,true,false,true,false,false
199,15,0.015625,14603,true,true,false,false,true,true,true,true,false,true,true,true,false,true,true
200,15,0.0,16384,true,true,false,true,true,true,true,true,true,true,true,true,true,true,true
201,15,0.0,671,false,false,false,true,true,true,false,false,false,false,false,false,false,true,false
202,15,0.0,1234,true,true,false,true,false,true,false,false,true,false,true,true,false,false,false
203,15,0.0,16368,true,true,false,true,true,true,true,true,true,true,true,true,true,true,true
204,15,0.0,16252,true,true,false,true,true,true,true,true,true,false,true,true,true,true,true
205,15,0.0,12302,true,true,true,true,false,true,true,false,false,false,true,true,false,true,true
206,15,0.0,11731,false,false,true,true,false,false,true,true,false,true,true,true,true,true,true
207,15,0.0,4242,true,true,true,true,true,true,false,false,false,true,false,false,false,false,true
208,15,0.0,10354,true,true,true,true,false,true,true,false,true,true,false,false,true,false,false
209,15,0.0,1039,true,true,false,true,true,true,true,false,false,true,false,true,false,false,false
210,15,0.0,24,true,false,false,false,false,false,true,true,true,false,false,false,false,false,false
211,15,0.0,4144,false,true,true,true,false,false,true,false,true,true,false,false,false,true,false
212,15,0.0,3986,true,true,true,true,false,false,false,false,true,false,false,true,true,false,true
213,15,0.0,4710,true,false,true,true,false,true,false,false,true,false,true,true,false,false,false
214,15,0.015625,16331,true,true,false,true,true,true,false,true,true,true,true,true,false,true,true
215,15,0.0,6772,true,true,true,false,false,true,true,true,true,false,false,true,true,false,true
216,15,0.0,15495,true,false,true,true,false,false,true,true,true,true,true,true,true,true,true
217,15,0.0,1683,true,false,false,true,true,false,false,false,false,true,false,false,true,false,true
218,15,0.0,551,true,false,false,true,false,true,false,false,false,true,false,true,false,true,false
219,15,0.0,13728,true,true,true,true,true,true,false,true,true,true,true,true,false,false,true
220,15,0.0,15759,true,true,true,false,true,false,true,true,true,true,true,true,true,true,true
221,15,0.0,16382,true,true,true,true,true,true,true,true,true,false,true,true,true,true,true
222,15,0.0,15155,false,true,false,true,true,false,true,true,true,true,true,true,true,true,false
223,15,0.0,3169,true,false,true,false,false,true,true,true,false,true,false,true,true,true,false
224,15,0.0,12,false,false,false,false,false,false,true,false,false,false,true,false,false,false,false
225,15,0.0,16343,true,true,true,false,true,true,false,true,true,true,true,true,true,true,true
226,15,0.0,16382,true,true,true,true,true,true,true,false,true,false,true,true,true,true,true
227,15,0.015625,16264,true,true,true,true,false,true,false,true,true,true,true,true,true,true,true
228,15,0.0,3940,true,false,false,true,false,true,false,false,false,true,true,true,true,false,true
229,15,0.0,16334,true,true,true,true,true,true,false,true,true,false,true,true,true,true,true
230,15,0.0,6,false,false,false,false,false,false,false,false,false,false,false,false,false,true,false
231,15,0.0,5864,false,false,false,false,true,true,true,true,false,false,false,true,true,true,true
232,15,0.0,13790,false,true,true,false,false,false,true,true,false,true,true,true,true,true,true
233,15,0.0,16049,true,false,true,true,true,true,false,true,true,false,true,true,false,true,true
234,15,0.0,15581,true,true,true,true,false,true,false,true,false,true,false,true,true,true,true
235,15,0.0,4716,true,true,false,false,true,false,false,false,false,true,true,false,true,true,true
236,15,0.0,16193,true,true,true,true,true,true,true,true,true,true,false,true,true,true,true
237,15,0.0,2,false,false,false,false,false,false,false,false,false,true,false,false,false,false,false
238,15,0.0,16379,true,true,true,true,true,true,true,true,false,false,true,true,true,true,true
239,15,0.0,3,false,true,false,false,false,false,false,false,false,false,false,false,false,false,false
240,15,0.0,5108,true,true,false,true,false,true,false,true,true,true,true,false,false,true,false
241,15,0.0,26,true,false,false,false,false,false,false,true,true,false,false,false,false,false,false
242,15,0.0,4,false,false,false,false,false,false,false,false,false,false,false,false,false,false,true
243,15,0.0,6979,true,true,true,true,false,false,true,false,false,false,true,true,true,false,true
244,15,0.0,2621,false,false,true,false,true,false,true,false,false,true,true,true,true,true,false
245,15,0.0,16384,true,true,true,true,true,true,true,true,true,true,true,false,true,true,true
246,15,0.015625,14385,true,false,true,false,true,true,true,true,true,true,true,true,false,true,true
247,15,0.0,4667,true,false,true,true,true,false,false,false,true,true,false,false,true,true,false
248,15,0.0,16379,true,true,true,false,true,true,true,true,true,true,true,true,true,true,true
249,15,0.0,16331,true,true,true,true,true,true,false,true,true,true,false,true,false,true,true
250,15,0.015625,16237,true,true,true,true,true,true,true,false,true,true,true,false,true,true,true
251,15,0.0,16383,true,false,true,true,true,true,true,true,true,true,true,true,true,true,true
252,15,0.0,8586,false,true,false,true,true,false,true,true,false,true,false,false,true,true,false
253,15,0.0,16168,true,true,true,true,true,true,true,false,true,true,true,false,true,true,true
254,15,0.0,817,false,true,true,true,false,false,true,false,false,true,true,false,false,true,false
255,15,0.0,11143,true,false,true,true,true,false,true,true,false,true,false,true,true,false,true
256,15,0.0,14968,true,true,true,true,true,false,false,true,true,true,false,true,true,true,true
257,15,0.0,8872,false,true,true,true,true,false,true,true,true,true,true,false,true,true,false
258,15,0.0,16384,true,true,true,true,false,true,true,true,true,true,true,true,true,true,true
259,15,0.0,1326,false,false,false,true,false,true,true,true,false,false,true,true,false,false,true
260,15,0.0,215,false,false,false,false,true,false,false,true,false,false,true,false,false,false,true
261,15,0.0,16294,true,true,true,true,true,true,true,true,true,true,true,true,false,false,true
262,15,0.0,5,false,false,false,false,false,false,false,false,true,false,false,false,false,false,true
263,15,0.0,9946,false,true,true,true,true,true,true,true,false,false,true,true,false,false,true
264,15,0.0,593,true,true,false,false,true,false,false,false,true,true,false,false,false,false,false
265,15,0.0,7223,true,false,false,true,false,true,true,true,false,true,false,true,false,true,false
266,15,0.015625,16384,false,true,true,true,true,true,true,true,true,true,true,true,true,true,true
267,15,0.0,451,true,false,false,true,false,false,true,false,true,false,true,false,false,false,true
268,15,0.0,439,true,false,true,false,false,true,false,false,false,false,true,false,false,false,true
269,15,0.0,13842,true,true,true,true,true,true,true,true,false,false,false,false,true,false,true
270,15,0.0,16384,true,true,true,true,true,true,true,true,true,true,true,true,true,true,false
271,15,0.0,16383,true,true,true,true,true,true,true,true,false,true,true,false,true,true,true
272,15,0.0,16364,true,false,true,true,true,true,true,true,true,true,true,true,true,true,true
273,15,0.0,16340,true,false,true,true,false,true,true,true,true,true,true,true,true,true,true
274,15,0.0,21,false,false,false,false,false,false,true,false,false,false,false,true,true,false,false
275,15,0.015625,8321,true,true,false,true,true,true,true,false,true,false,false,false,false,true,false
276,15,0.0,16370,true,true,true,true,true,true,false,true,true,true,true,true,true,true,true
277,15,0.015625,16380,true,true,true,true,true,true,true,true,true,true,true,false,true,false,true
278,15,0.0,14621,true,false,true,true,true,true,false,true,true,false,true,true,true,false,true
279,15,0.0,950,true,true,false,false,false,false,false,false,true,true,true,true,false,false,true
280,15,0.0,16281,true,true,true,true,true,true,true,true,true,true,false,true,false,true,true
281,15,0.0,16384,false,true,true,true,true,true,true,true,true,true,true,true,true,true,true
282,15,0.0,11038,true,true,false,true,false,true,true,false,true,false,true,true,true,true,false
283,15,0.0,7182,true,false,false,true,false,true,true,true,true,false,true,false,false,true,true
284,15,0.0,14153,true,true,true,true,true,false,true,true,false,true,false,true,true,false,false
285,15,0.0,397,false,false,false,true,true,false,false,false,false,false,true,false,true,true,false
286,15,0.0,16378,true,true,true,false,true,true,true,true,true,true,true,true,true,true,true
287,15,0.0,10282,true,true,false,true,true,true,true,true,true,true,false,true,true,false,true
288,15,0.0,16323,true,true,true,true,true,true,true,true,false,false,true,true,true,true,true
289,15,0.0,15858,true,true,true,true,false,true,true,true,true,false,true,true,true,false,true
290,15,0.0,16322,true,true,true,true,false,true,true,true,false,true,true,true,true,true,true
291,15,0.0,8,false,false,false,false,false,false,false,false,false,true,false,false,false,true,false
292,15,0.0,16267,true,true,true,true,false,true,true,true,true,false,true,true,false,true,true
293,15,0.0,14421,true,true,false,true,true,false,true,true,true,true,true,false,true,true,true
294,15,0.0,16036,true,false,true,true,true,true,true,true,true,false,true,true,true,true,false
295,15,0.0,16333,true,true,true,true,true,true,true,true,true,true,false,true,true,true,true
296,15,0.0,299,false,false,false,true,false,true,true,false,false,false,false,false,false,false,true
297,15,0.0,344,true,true,false,true,true,false,false,false,true,true,false,true,false,false,true
298,15,0.0,16384,true,true,true,true,true,true,true,true,true,true,true,false,true,true,true
299,15,0.0,16384,true,true,true,false,true,true,true,true,true,true,true,true,true,true,true
300,15,0.0,413,true,false,true,false,true,true,false,true,false,false,false,false,false,true,false
301,15,0.0,2084,true,true,false,true,false,false,false,false,false,false,false,true,false,true,false
302,15,0.0,23,false,true,false,false,false,true,false,false,false,false,false,false,false,false,false
303,15,0.0,1,false,false,false,false,false,false,false,false,false,false,false,false,false,false,false
304,15,0.0,8446,true,true,true,true,true,true,true,false,true,false,false,false,true,false,true
305,15,0.0,16375,true,true,true,true,true,true,false,true,true,true,true,true,true,true,true
306,15,0.0,16384,true,true,true,true,false,true,true,true,true,true,true,true,true,true,true
307,15,0.0,123,false,true,true,false,false,false,false,true,true,true,false,false,false,true,true
308,15,0.015625,16384,true,true,true,true,true,true,true,true,false,true,true,true,true,true,true
309,15,0.0,11756,true,false,true,true,true,false,false,false,true,false,true,true,false,true,true
310,15,0.0,1174,false,false,false,false,false,false,true,true,true,true,false,true,false,false,true
311,15,0.0,15756,false,true,true,true,true,true,false,true,true,true,true,true,true,true,false
312,15,0.0,8010,false,true,true,true,true,true,false,false,true,false,false,true,false,true,true
313,15,0.0,686,true,true,false,false,false,false,true,false,false,false,false,false,false,false,true
314,15,0.0,16087,true,false,true,true,true,true,true,true,true,true,true,true,false,true,false
315,15,0.0,5856,false,true,false,false,false,true,false,true,true,true,false,true,true,false,true
316,15,0.0,16,false,false,false,false,false,false,false,true,false,false,false,false,false,true,false
317,15,0.0,5112,false,true,false,false,true,true,true,false,true,true,false,false,false,true,true
318,15,0.0,15423,false,true,true,true,true,false,false,true,true,true,false,true,true,true,true
319,15,0.0,725,false,false,false,false,false,false,false,false,true,false,true,true,true,false,true
320,15,0.0,1508,true,true,false,true,false,true,true,false,true,false,false,false,true,false,false
321,15,0.015625,13723,false,false,true,true,true,true,true,true,true,false,false,true,false,true,true
322,15,0.0,16379,true,true,false,true,true,true,true,true,true,true,true,true,true,true,true
323,15,0.0,2818,true,false,true,false,true,true,false,true,false,true,true,false,false,true,true
324,15,0.0,9968,true,true,true,true,false,true,true,false,false,false,true,false,true,true,false
325,15,0.0,5976,true,false,false,true,false,false,false,true,true,true,true,false,true,true,false
326,15,0.0,8853,true,true,false,true,true,false,true,false,true,true,true,true,false,false,true
327,15,0.0,14662,true,true,false,true,false,false,true,true,true,false,false,false,true,true,true
328,15,0.0,16384,true,true,false,true,true,true,true,true,true,true,true,true,true,true,true
329,15,0.0,5741,true,false,true,true,true,true,true,false,false,true,false,true,false,false,false
330,15,0.0,92,false,false,false,false,false,false,true,true,false,false,false,false,true,true,true
331,15,0.0,12109,true,false,false,false,true,true,true,true,true,false,true,true,true,false,false
332,15,0.015625,4496,false,false,true,true,false,true,true,false,false,false,false,true,true,false,true
333,15,0.0,16264,false,true,true,true,true,true,true,true,true,false,true,true,true,true,true
334,15,0.0,3265,false,true,true,true,true,false,false,true,false,false,true,false,false,true,false
335,15,0.0,16377,false,true,true,true,true,true,true,true,true,true,true,true,true,true,false
336,15,0.0,7597,false,true,true,true,true,true,false,false,false,true,true,false,false,true,true
337,15,0.015625,14581,true,false,false,true,true,true,true,true,false,true,true,true,true,false,true
338,15,0.0,16381,true,true,false,true,true,true,true,true,true,true,true,false,true,true,true
339,15,0.0,5389,false,true,true,true,true,true,false,true,true,true,false,false,false,false,false
340,15,0.0,942,false,false,false,true,true,true,false,true,false,false,false,true,false,false,false
341,15,0.0,79,true,true,false,false,false,false,false,false,false,false,false,false,true,false,false
342,15,0.015625,15222,true,true,true,true,false,false,false,true,true,false,false,true,true,true,true
343,15,0.0,16383,true,true,true,true,true,false,true,true,true,true,true,true,true,true,true
344,15,0.0,15639,false,true,true,true,true,true,false,true,true,true,true,false,true,false,true
345,15,0.0,770,false,false,true,true,false,false,false,true,false,false,false,false,false,true,true
346,15,0.015625,16282,false,true,true,false,true,true,true,false,true,true,true,true,true,true,true
347,15,0.0,15690,false,true,false,true,true,true,true,false,true,false,true,true,false,true,true
348,15,0.0,14581,false,true,true,true,true,true,true,true,true,true,false,false,false,true,true
349,15,0.0,8656,true,true,false,false,false,true,true,true,true,false,false,false,false,true,true
350,15,0.015625,16382,false,true,true,true,true,true,true,true,true,true,true,true,true,true,true
351,15,0.0,14812,false,false,true,true,true,true,true,false,false,false,true,true,true,true,true
352,15,0.0,11239,false,false,true,false,true,false,true,true,true,true,true,false,true,true,true
353,15,0.0,6843,true,false,false,true,true,true,false,false,true,true,false,false,true,true,true
354,15,0.0,12788,false,true,true,false,true,true,true,true,false,false,false,true,true,true,false
355,15,0.0,6408,false,true,true,true,false,true,false,true,false,true,true,false,false,true,true
356,15,0.0,16354,true,true,true,true,true,true,true,false,true,true,true,true,false,true,true
357,15,0.0,5,false,false,false,false,false,false,false,false,false,false,true,false,false,false,false
358,15,0.0,194,false,false,false,false,false,true,false,false,true,false,false,false,true,false,false
359,15,0.015625,16130,true,true,true,true,true,false,true,true,true,true,true,false,false,true,true
360,15,0.0,16382,true,true,true,true,true,true,false,true,true,true,true,true,true,true,true
361,15,0.0,15913,true,true,false,false,true,true,true,true,true,false,true,true,true,true,true
362,15,0.015625,14590,false,false,true,true,true,false,true,true,true,true,true,false,true,false,true
363,15,0.0,15677,false,false,true,true,true,true,true,true,true,true,true,true,true,true,true
364,15,0.0,32,false,false,false,true,false,false,false,false,true,false,false,true,false,true,false
365,15,0.015625,16382,true,true,true,true,true,true,true,true,true,false,true,true,true,true,true
366,15,0.0,1205,true,true,false,true,false,false,true,false,true,false,true,false,false,false,true
367,15,0.0,104,false,false,false,true,true,false,true,false,false,false,false,true,false,false,false
368,15,0.0,7732,true,true,true,false,true,true,true,true,true,true,false,true,false,false,true
369,15,0.0,16342,true,true,true,false,true,true,true,false,true,true,true,true,true,true,true
370,15,0.0,1053,false,true,false,false,true,false,true,true,true,false,true,false,false,false,true
371,15,0.0,77,false,false,false,false,true,false,true,false,false,true,false,false,false,false,false
372,15,0.0,4634,true,false,true,false,true,false,false,true,true,false,true,false,true,false,true
373,15,0.0,40,false,false,false,false,false,true,true,true,false,false,false,true,false,false,false
374,15,0.0,3677,false,true,false,false,true,true,true,true,true,false,false,false,false,false,true
375,15,0.0,16363,true,true,true,true,true,true,true,true,true,false,true,true,true,true,false
376,15,0.0,16321,true,true,true,true,true,true,true,false,true,true,true,true,false,true,true
377,15,0.0,53,false,false,false,false,false,false,true,true,false,false,false,false,true,true,false
378,15,0.0,13026,true,false,true,true,true,true,true,true,true,true,false,true,false,true,true
379,15,0.015625,16384,true,true,true,true,true,true,true,true,false,true,true,true,true,true,true
380,15,0.0,14921,true,true,true,false,false,false,true,true,true,true,false,true,false,true,true
381,15,0.0,8996,true,true,true,false,false,true,false,false,true,true,true,false,false,true,true
382,15,0.0,16159,false,true,true,true,true,true,false,true,false,true,false,true,true,true,true
383,15,0.015625,16315,false,true,true,true,true,false,true,true,false,true,true,true,true,true,true
384,15,0.0,16363,false,true,true,false,true,true,true,true,true,true,true,true,true,true,true
385,15,0.0,259,false,true,false,false,false,false,false,true,false,true,false,false,false,false,true
386,15,0.0,5067,true,true,false,true,true,false,false,false,true,true,true,true,false,false,true
387,15,0.0,16384,true,true,true,true,true,true,true,true,true,true,true,true,false,true,true
388,15,0.0,7,false,false,false,false,false,false,false,false,false,false,false,false,true,false,true
389,15,0.0,5566,false,false,true,true,true,true,false,true,false,false,false,true,true,true,true
390,15,0.0,3760,false,false,true,true,false,false,false,true,true,false,true,false,true,false,true
391,15,0.0,1173,false,true,false,false,true,false,true,false,false,true,true,false,false,false,false
392,15,0.0,16381,true,true,true,true,true,true,true,true,true,true,false,true,true,true,true
393,15,0.0,16384,true,true,true,true,true,true,true,true,true,true,true,true,true,false,true
394,15,0.0,4848,true,false,true,false,true,false,true,false,true,true,true,false,false,true,false
395,15,0.015625,7382,true,false,true,false,false,false,true,true,true,false,true,false,true,false,true
396,15,0.0,4365,true,true,true,false,false,false,true,true,true,false,false,true,true,true,false
397,15,0.0,86,true,false,true,false,false,false,true,false,false,false,false,true,false,false,false
398,15,0.0,474,false,true,false,false,true,false,false,false,true,false,true,false,false,false,false
399,15,0.0,16353,true,true,true,true,false,true,true,true,true,true,true,true,true,false,true
400,15,0.0,10674,false,true,false,false,true,true,false,true,true,false,true,false,true,true,true
401,15,0.0,15502,true,true,true,false,false,true,true,true,true,true,true,false,true,false,true
402,15,0.0,16384,true,true,true,true,true,false,true,true,true,true,true,true,true,true,true
403,15,0.0,6,false,false,false,false,false,false,false,false,true,false,true,false,false,false,false
404,15,0.0,19,false,false,false,false,false,false,true,false,true,false,false,false,false,false,false
405,15,0.0,8872,true,true,false,true,false,true,false,true,false,true,true,false,true,true,false
406,15,0.0,16340,true,true,true,true,true,true,false,true,true,true,true,true,true,true,false
407,15,0.0,16274,true,false,true,true,true,false,true,true,true,false,true,true,true,true,true
408,15,0.0,3302,false,false,false,false,true,true,true,true,true,false,true,true,false,false,false
409,15,0.0,1314,false,false,false,false,true,false,true,true,true,false,true,true,false,true,false
410,15,0.015625,16377,true,true,true,true,true,true,true,true,true,true,true,true,false,true,true
411,15,0.0,910,true,false,false,true,false,false,false,false,false,false,false,true,false,true,false
412,15,0.0,16366,true,true,true,true,true,true,true,true,false,false,true,true,true,true,true
413,15,0.0,16384,true,true,true,true,false,true,true,true,true,true,true,true,true,true,true
414,15,0.0,2417,false,false,false,true,false,false,false,true,true,true,false,true,true,true,true
415,15,0.0,9664,true,true,false,true,true,true,true,false,true,false,true,false,true,false,true
416,15,0.0,16068,false,true,true,true,false,true,true,true,true,true,true,true,true,true,false
417,15,0.0,2471,true,true,false,true,false,true,false,true,true,false,false,false,true,false,true
418,15,0.0,6831,true,false,true,true,false,true,true,false,false,true,true,false,false,true,true
419,15,0.0,1093,false,false,false,true,true,true,false,false,false,false,true,true,false,false,false
420,15,0.0,12370,true,true,true,true,true,false,false,true,true,true,false,false,true,true,false
421,15,0.0,16384,true,true,true,true,false,true,true,true,true,true,true,true,true,true,true
422,15,0.0,3877,true,false,true,false,false,false,false,true,true,true,true,false,false,true,false
423,15,0.0,365,false,true,false,true,false,false,false,true,false,true,false,false,false,false,true
424,15,0.0,16384,true,true,true,true,true,true,true,false,true,true,true,true,true,true,true
425,15,0.0,1709,true,false,true,false,false,false,false,false,false,true,true,true,true,false,false
426,15,0.0,2244,false,true,true,false,false,false,false,false,true,false,true,true,true,true,false
427,15,0.0,14291,true,true,false,true,true,true,true,true,true,true,false,true,false,true,false
428,15,0.0,1261,false,true,true,false,true,true,false,false,false,true,false,false,false,true,true
429,15,0.0,3755,false,false,true,true,false,false,false,false,false,false,true,false,true,true,true
430,15,0.0,8062,true,true,true,false,true,true,false,true,false,true,false,true,true,true,false
431,15,0.0,16223,false,true,true,true,true,true,true,true,true,true,true,true,true,false,true
432,15,0.0,12839,false,true,true,true,false,false,true,true,false,false,false,true,false,true,true
433,15,0.0,27,false,false,false,false,true,false,true,false,false,false,true,false,true,false,false
434,15,0.0,15831,true,true,true,true,false,true,true,true,true,false,false,true,true,false,true
435,15,0.0,2470,false,false,false,false,true,true,false,true,false,true,true,true,false,true,false
436,15,0.0,6422,true,true,false,true,false,true,true,false,true,true,false,true,true,false,false
437,15,0.0,16383,true,true,true,true,true,true,true,true,true,true,false,true,true,true,true
438,15,0.0,16382,true,true,true,true,true,true,true,false,true,true,true,true,true,true,true
439,15,0.0,7882,false,false,true,false,true,true,false,true,true,true,true,true,false,false,true
440,15,0.0,10089,false,true,false,true,true,true,false,false,true,false,true,true,false,false,true
441,15,0.0,16290,true,true,true,true,false,true,true,true,true,true,true,true,false,true,true
442,15,0.0,12288,true,true,true,true,false,true,true,true,false,true,false,false,true,true,false
443,15,0.0,16379,true,true,true,true,false,true,true,true,true,true,true,true,true,true,true
444,15,0.0,372,false,false,false,true,true,false,true,true,false,false,true,false,false,false,true
445,15,0.0,15869,true,true,true,true,true,true,true,false,true,true,false,true,true,true,true
446,15,0.0,241,false,false,false,false,false,true,false,true,false,true,true,false,false,false,false
447,15,0.0,135,false,false,true,false,false,false,false,false,false,true,true,false,true,false,true
448,15,0.0,9696,true,true,true,true,false,false,true,false,true,true,true,false,false,true,true
449,15,0.0,4,true,false,false,false,false,false,false,false,false,false,false,true,false,false,true
450,15,0.0,16384,true,true,true,true,true,false,true,true,true,true,true,true,true,true,true
451,15,0.0,13060,true,true,true,true,false,true,true,false,true,true,true,true,false,false,true
452,15,0.0,2784,true,true,true,false,true,false,true,false,true,false,false,false,true,true,false
453,15,0.0,11435,false,false,true,true,false,true,true,false,false,true,true,true,true,true,true
454,15,0.0,231,false,false,false,true,true,false,false,false,true,true,false,false,true,false,false
455,15,0.0,1463,true,false,true,true,true,false,true,true,false,false,false,true,false,false,false
456,15,0.0,9895,true,false,false,true,false,false,true,false,true,true,true,true,false,true,true
457,15,0.0,16384,true,false,false,true,true,true,true,true,true,true,true,true,true,true,true
458,15,0.0,4436,false,false,false,false,true,false,true,true,false,true,false,true,true,true,true
459,15,0.015625,7836,true,true,true,false,true,true,false,true,false,false,true,false,false,true,false
460,15,0.0,11064,false,false,false,true,true,true,false,true,true,true,true,true,false,true,false
461,15,0.0,499,false,true,false,true,false,true,false,false,false,false,true,true,false,false,false
462,15,0.0,16384,true,true,true,true,true,true,true,true,true,true,true,true,true,true,false
463,15,0.0,6,false,false,false,false,false,false,false,false,false,false,false,true,false,false,false
464,15,0.015625,16384,false,true,true,true,true,true,true,true,true,true,true,true,true,true,true
465,15,0.0,9159,true,false,false,true,true,false,true,true,false,false,true,true,false,true,true
466,15,0.0,1228,true,false,false,true,true,false,true,false,false,true,false,true,false,false,false
467,15,0.0,2,false,false,false,false,false,false,false,true,false,false,false,false,false,false,false
468,15,0.0,9,false,false,true,false,false,false,false,false,false,true,false,false,false,false,false
469,15,0.0,1283,false,true,true,true,false,false,false,false,false,false,true,false,false,true,false
470,15,0.0,10805,true,false,false,true,true,false,true,true,false,false,false,true,true,true,false
471,15,0.015625,14990,false,false,true,true,true,true,true,true,true,false,true,true,true,true,true
472,15,0.0,16384,true,true,true,true,true,true,false,true,true,true,true,true,true,true,true
473,15,0.0,3617,false,true,true,false,true,false,false,false,false,false,false,false,true,true,true
474,15,0.0,16384,true,true,false,true,true,true,true,true,true,true,true,true,true,true,true
475,15,0.0,13877,true,false,true,false,true,true,true,true,true,false,true,false,true,true,true
476,15,0.015625,15524,false,false,true,true,false,true,true,true,true,true,true,true,true,false,true
477,15,0.0,2109,false,false,false,false,false,true,true,false,false,false,false,true,true,true,true
478,15,0.0,769,false,false,false,true,false,false,true,true,true,false,false,false,false,false,true
479,15,0.0,7949,true,true,true,false,false,false,true,true,true,false,true,true,false,true,false
480,15,0.0,12489,true,true,true,true,true,false,true,false,true,false,true,false,true,true,true
481,15,0.0,13,false,false,false,false,false,false,true,false,false,true,false,true,false,false,false
482,15,0.0,5821,true,false,false,true,false,false,true,true,true,false,true,true,false,false,false
483,15,0.0,1655,true,false,false,true,true,false,true,false,false,true,true,true,false,false,false
484,15,0.0,9865,true,false,true,true,true,true,false,true,true,false,false,true,true,false,true
485,15,0.0,6370,true,false,false,true,false,false,true,true,true,true,false,false,true,true,true
486,15,0.0,3,false,false,false,true,false,false,false,false,false,false,false,false,false,false,false
487,15,0.0,12468,true,true,false,false,true,true,true,true,true,true,true,false,true,false,false
488,15,0.0,5906,true,true,true,true,false,false,true,true,false,true,false,true,false,true,false
489,15,0.0,3,false,false,false,false,false,false,false,true,false,false,false,false,false,false,false
490,15,0.0,13916,true,true,true,false,true,true,false,true,true,true,true,false,false,true,true
491,15,0.0,12815,true,true,false,true,false,false,true,true,false,true,true,false,true,true,true
492,15,0.0,311,true,true,false,false,false,false,false,false,true,false,true,false,true,false,false
493,15,0.0,9979,true,false,true,true,true,true,true,false,true,false,true,false,false,true,true
494,15,0.0,1765,false,false,true,false,false,false,false,true,false,false,true,true,true,false,true
495,15,0.0,16383,true,true,false,true,true,true,true,true,true,true,true,true,true,true,true
496,15,0.0,9662,true,true,false,true,true,true,true,false,false,false,false,false,false,true,true
497,15,0.0,16366,true,true,false,true,true,true,true,true,true,true,true,true,true,false,true
498,15,0.0,1119,true,false,false,false,true,false,true,true,false,false,false,true,false,true,false
499,15,0.0,2305,false,false,true,true,true,false,true,false,true,false,false,true,true,true,true
500,15,0.0,16382,true,true,true,true,false,true,true,true,true,true,true,true,true,true,true
