KnapsackId,NumberOfItems,CpuTime,NodesVisited,Error,Item_0,Item_1,Item_2,Item_3,Item_4,Item_5,Item_6,Item_7,Item_8,Item_9,Item_10,Item_11,Item_12,Item_13,Item_14,Item_15,Item_16,Item_17,Item_18,Item_19,Item_20,Item_21,Item_22,Item_23,Item_24,Item_25,Item_26,Item_27,Item_28,Item_29
1,30,0.0,0,0.0,false,true,false,true,true,false,false,false,true,false,true,false,false,true,true,false,false,false,true,true,false,false,false,false,true,false,false,false,true,false
2,30,0.0,0,0.0,true,true,true,true,false,false,true,true,false,true,true,false,false,true,true,false,false,true,true,true,true,false,true,false,false,true,true,false,true,false
3,30,0.0,0,0.0,false,true,false,true,false,false,false,false,true,true,true,false,true,false,false,true,false,false,true,false,false,true,false,true,true,false,true,false,false,true
4,30,0.0,0,0.0,true,true,true,true,false,true,true,true,true,true,true,true,true,false,true,true,true,true,true,true,true,true,true,true,true,true,true,true,true,true
5,30,0.0,0,0.0,true,true,false,false,true,true,true,true,true,true,true,true,true,true,true,true,true,false,true,true,true,true,true,true,true,false,false,true,true,false
6,30,0.0,0,0.0,true,false,false,true,false,true,true,true,false,true,true,true,true,false,true,true,true,false,true,true,false,false,true,false,false,true,false,false,true,true
7,30,0.015625,0,0.0,true,true,false,true,false,true,true,true,true,true,false,true,false,true,true,true,true,true,false,false,false,true,true,true,false,true,true,true,true,false
8,30,0.0,0,0.0,true,true,true,true,true,true,false,true,true,true,true,true,true,true,false,true,true,true,false,true,true,true,false,true,true,true,false,true,false,true
9,30,0.0,0,0.0,false,false,true,false,false,true,false,false,false,false,true,false,false,false,false,false,false,false,false,true,false,false,true,false,false,false,true,true,false,false
10,30,0.0,0,0.0,false,false,false,false,false,false,false,false,false,false,false,false,false,false,false,false,false,false,false,false,false,false,false,false,false,false,false,false,false,false
11,30,0.0,0,0.0,false,true,false,false,true,true,false,false,true,true,true,false,false,false,false,true,true,false,false,false,false,false,false,false,true,false,false,false,false,true
12,30,0.0,0,0.0,true,true,true,false,true,true,true,false,false,true,true,false,true,false,true,true,true,false,false,true,true,true,true,false,true,false,false,true,true,true
13,30,0.0,0,0.0,true,true,true,true,true,true,false,true,false,false,false,false,true,true,true,false,true,false,false,false,true,false,true,false,true,false,true,true,false,true
14,30,0.0,0,0.0,true,true,true,true,true,true,true,true,true,true,false,true,true,false,false,true,true,true,false,true,true,false,true,false,false,true,true,false,true,true
15,30,0.0,0,0.0,true,true,true,true,true,true,true,true,false,true,true,true,true,true,true,true,true,true,true,true,true,true,false,true,true,true,true,false,true,false
16,30,0.0,0,0.0,false,true,true,true,false,false,true,true,false,true,true,true,true,true,true,true,true,true,false,true,true,true,true,true,true,true,true,true,false,true
17,30,0.015625,0,0.0,true,false,false,true,true,false,false,false,true,true,true,true,true,false,false,false,false,true,true,true,true,true,false,true,true,true,true,true,false,false
18,30,0.0,0,0.0,false,true,true,true,true,true,true,false,true,true,false,true,true,false,true,false,false,false,true,true,false,true,true,false,true,true,true,false,true,false
19,30,0.0,0,0.0,true,true,true,true,false,true,true,true,true,true,true,true,true,true,true,true,true,true,true,true,false,true,true,true,true,true,false,true,true,true
20,30,0.0,0,0.0,true,true,true,true,true,true,true,false,true,true,true,false,true,true,true,true,true,true,true,true,true,true,true,true,true,true,true,true,true,false
21,30,0.0,0,0.0,false,false,false,false,false,false,false,false,false,false,false,false,false,false,false,false,false,false,false,false,false,false,false,false,false,false,false,false,false,false
22,30,0.0,0,0.0,true,true,true,true,true,true,true,true,true,true,false,false,false,true,true,true,true,true,true,false,true,true,true,true,true,true,false,true,true,true
23,30,0.015625,0,0.0,true,false,true,true,true,false,true,true,false,true,false,false,false,true,false,true,false,true,false,true,true,false,true,true,false,true,false,true,true,true
24,30,0.0,0,0.0,false,false,false,false,false,true,false,false,true,false,true,false,true,false,false,true,false,false,false,true,true,false,false,false,false,true,true,true,false,false
25,30,0.0,0,0.0,false,false,true,false,false,true,true,true,true,false,true,false,false,false,false,true,false,true,false,false,false,false,false,true,true,true,false,false,false,true
26,30,0.0,0,0.0,true,false,false,true,false,false,false,false,true,false,false,false,false,true,false,false,false,false,true,false,true,false,false,true,true,false,true,true,false,true
27,30,0.0,0,0.0,true,false,false,true,false,false,true,false,false,true,false,false,false,false,false,false,false,false,false,false,false,false,false,false,false,true,false,false,false,false
28,30,0.0,0,0.0,false,false,false,false,false,false,false,true,true,true,false,false,false,true,false,true,false,false,false,false,false,false,false,true,false,true,false,false,true,false
29,30,0.0,0,0.0,true,true,true,false,true,true,false,false,false,false,false,true,false,true,false,true,true,false,false,true,false,false,false,false,true,false,false,false,true,true
30,30,0.0,0,0.0,true,true,false,true,true,false,true,true,true,true,true,true,false,true,true,true,true,true,true,true,true,true,true,true,true,true,true,true,true,false
31,30,0.0,0,0.0,true,true,false,true,false,true,true,true,true,true,true,true,true,true,true,true,true,true,true,true,true,true,true,false,true,true,true,true,false,false
32,30,0.0,0,0.0,false,true,true,true,true,true,true,false,true,false,true,true,false,true,false,true,true,true,true,true,false,true,false,true,true,false,true,true,true,true
33,30,0.0,0,0.0,true,true,true,false,false,false,false,true,false,false,true,false,true,false,true,false,false,false,false,false,false,false,false,true,false,false,false,false,false,false
34,30,0.0,0,0.0,false,true,false,false,false,false,true,true,true,true,true,true,false,true,true,true,true,true,false,false,false,true,false,false,true,false,true,true,false,true
35,30,0.0,0,0.0,true,true,true,true,false,true,true,true,true,true,false,false,false,true,true,true,true,true,false,true,true,false,true,true,false,true,true,false,true,true
36,30,0.0,0,0.0,true,false,false,false,false,false,false,false,false,false,true,false,true,false,false,false,false,false,true,false,false,false,true,true,true,false,false,true,true,false
37,30,0.0,0,0.0,true,true,true,false,true,false,false,false,false,true,true,false,true,false,false,false,false,true,true,false,false,true,false,false,false,false,false,false,true,true
38,30,0.0,0,0.0,false,false,false,false,false,false,false,false,false,false,false,false,false,false,false,false,false,false,false,false,false,false,false,false,false,false,false,false,false,false
39,30,0.0,0,0.0,false,false,true,true,false,false,false,true,true,false,false,false,false,true,true,false,false,false,false,false,false,true,true,false,true,false,false,false,true,false
40,30,0.0,0,0.0,true,true,true,true,true,true,true,true,true,true,true,true,false,true,false,true,true,false,true,true,true,true,true,true,true,true,true,true,true,true
41,30,0.0,0,0.0,true,true,true,true,false,true,true,true,true,true,true,true,true,false,false,true,true,true,true,false,true,true,true,true,false,true,true,true,true,true
42,30,0.0,0,0.0,true,true,false,false,true,false,false,true,false,false,true,false,true,false,true,true,true,true,false,false,false,false,true,false,true,false,false,true,false,false
43,30,0.0,0,0.0,false,false,true,true,false,false,false,false,false,false,false,false,false,false,false,false,true,true,false,false,false,true,true,false,false,false,false,false,true,false
44,30,0.015625,0,0.0,true,true,true,true,true,false,true,true,true,true,true,true,true,false,true,true,true,true,false,true,true,true,false,true,true,true,true,true,true,true
45,30,0.0,0,0.0,true,true,true,true,true,true,true,false,false,true,true,false,true,true,true,true,true,false,true,true,true,true,false,true,false,true,true,true,false,true
46,30,0.0,0,0.0,true,false,true,false,false,false,true,false,false,true,false,true,false,true,false,false,false,false,true,true,false,false,false,false,true,false,true,true,false,false
47,30,0.0,0,0.0,true,true,false,true,true,false,true,true,true,true,true,true,true,true,false,true,true,true,false,true,true,true,true,true,true,true,true,true,true,true
48,30,0.0,0,0.0,true,true,false,false,false,true,false,false,false,false,false,false,true,true,true,true,false,true,true,true,true,true,true,true,false,false,false,false,true,true
49,30,0.0,0,0.0,false,false,true,true,false,false,false,true,false,false,false,true,false,false,false,false,true,false,false,false,false,false,false,false,false,false,false,false,false,false
50,30,0.0,0,0.0,true,true,true,true,true,false,true,true,true,true,true,true,true,true,true,true,true,true,true,true,true,true,false,true,true,true,true,true,true,true
51,30,0.015625,0,0.0,true,true,true,true,true,false,true,true,true,true,true,false,true,true,true,true,false,true,true,true,true,true,true,true,true,true,true,true,true,true
52,30,0.0,0,0.0,false,false,false,true,false,false,false,false,false,false,true,false,false,false,true,false,false,false,true,false,false,true,false,true,false,false,false,false,false,false
53,30,0.0,0,0.0,false,false,true,false,true,true,false,true,false,true,false,false,false,true,true,true,true,true,false,true,true,true,true,true,true,true,true,false,true,true
54,30,0.0,0,0.0,true,true,true,true,true,true,true,false,false,false,true,true,true,true,true,true,true,false,true,true,true,true,true,false,true,true,true,true,false,true
55,30,0.0,0,0.0,true,true,false,true,false,false,true,true,false,false,false,true,false,false,false,true,true,false,false,false,false,true,false,false,false,false,true,false,true,true
56,30,0.0,0,0.0,true,false,false,true,true,false,true,true,true,false,true,false,true,true,false,true,true,false,false,false,true,false,true,false,false,true,true,false,false,true
57,30,0.015625,0,0.0,true,true,true,true,true,false,true,true,true,true,true,true,true,true,true,true,false,true,true,true,true,true,false,true,true,true,false,true,true,true
58,30,0.0,0,0.0,false,true,false,true,false,false,true,false,false,false,false,false,true,false,false,false,false,false,true,false,true,false,false,false,false,false,true,false,false,true
59,30,0.0,0,0.0,true,true,false,true,true,true,true,false,true,false,false,true,false,true,true,true,false,true,true,false,true,false,false,true,false,true,false,true,true,true
60,30,0.0,0,0.0,true,false,false,true,false,false,false,true,false,true,false,true,true,true,true,false,false,true,false,true,true,false,false,true,false,true,true,true,true,false
61,30,0.0,0,0.0,true,true,true,true,true,true,true,false,true,true,true,true,true,true,true,true,true,true,true,true,true,true,true,true,true,true,true,true,false,true
62,30,0.0,0,0.0,false,false,false,false,false,false,false,false,false,false,false,false,false,false,false,false,false,false,false,false,false,false,false,false,false,false,false,false,false,false
63,30,0.015625,0,0.0,false,true,true,false,true,true,true,true,true,true,true,true,false,true,false,true,false,true,false,true,false,true,true,true,true,false,false,false,false,true
64,30,0.0,0,0.0,true,false,true,true,true,true,true,true,true,true,true,true,true,true,true,true,true,true,true,true,true,true,true,true,true,true,true,true,true,true
65,30,0.0,0,0.0,false,false,false,false,true,false,true,true,false,true,false,true,false,false,false,false,false,false,true,true,true,false,true,true,false,true,false,true,false,true
66,30,0.0,0,0.0,false,true,true,true,true,true,true,true,true,false,true,true,true,true,true,true,true,true,true,true,true,false,true,true,true,true,true,true,true,true
67,30,0.0,0,0.0,true,true,false,false,false,true,true,false,false,true,false,true,false,false,true,false,false,true,false,false,false,false,false,false,false,true,false,false,false,true
68,30,0.0,0,0.0,false,true,false,false,false,false,true,false,false,false,true,true,true,false,true,true,false,false,false,false,false,true,false,false,true,true,false,false,false,true
69,30,0.0,0,0.0,true,true,false,true,true,true,true,false,true,true,true,true,true,true,true,true,true,true,true,true,true,false,true,true,true,true,false,true,true,true
70,30,0.0,0,0.0,true,false,false,false,true,true,true,false,false,false,true,true,true,true,true,true,true,false,false,true,true,false,true,false,false,true,true,true,false,true
71,30,0.0,0,0.0,true,true,true,true,true,true,false,true,true,true,true,true,true,true,true,true,false,true,true,true,true,true,true,true,true,true,true,true,true,true
72,30,0.0,0,0.0,true,true,true,true,true,true,true,true,true,true,true,true,true,true,true,true,true,true,true,true,true,true,true,true,true,true,true,false,true,true
73,30,0.0,0,0.0,false,false,false,true,true,true,false,true,true,true,true,true,true,false,false,true,false,true,true,true,true,true,true,true,true,true,true,false,true,false
74,30,0.0,0,0.0,false,false,true,true,true,false,true,false,true,true,false,false,true,true,true,false,true,true,false,true,false,true,true,false,true,true,true,true,true,true
75,30,0.0,0,0.0,false,false,true,false,true,false,false,false,false,false,true,false,true,false,false,false,true,true,true,false,true,true,true,false,true,false,false,true,false,false
76,30,0.0,0,0.0,false,true,false,true,true,false,true,true,false,true,true,false,true,false,true,true,true,true,true,true,false,true,true,true,true,true,true,true,true,false
77,30,0.0,0,0.0,true,true,true,true,false,true,true,false,true,true,false,true,true,true,false,false,true,false,false,false,true,true,true,true,true,true,false,true,true,true
78,30,0.0,0,0.0,true,true,false,false,true,true,true,true,false,false,false,false,true,true,true,true,true,false,true,true,true,true,true,true,false,false,true,true,true,false
79,30,0.0,0,0.0,false,true,false,true,false,false,false,false,true,false,false,true,true,true,false,true,true,true,false,true,false,false,true,true,true,false,true,true,false,false
80,30,0.0,0,0.0,true,true,true,false,true,true,false,true,false,true,true,true,true,false,false,true,true,true,false,true,false,true,false,true,false,true,false,false,true,false
81,30,0.0,0,0.0,true,true,true,true,false,true,true,true,true,false,true,true,true,true,false,true,false,true,true,true,true,true,true,false,true,true,true,false,true,true
82,30,0.0,0,0.0,true,true,true,false,true,true,true,false,true,false,false,true,false,false,true,true,true,true,true,true,false,true,true,false,false,true,true,true,true,false
83,30,0.015625,0,0.0,true,true,false,false,true,true,true,false,true,false,true,true,true,false,false,true,false,true,true,true,true,false,false,false,true,true,true,false,true,true
84,30,0.0,0,0.0,true,false,false,false,false,true,false,false,false,true,true,false,false,true,true,false,false,false,false,true,true,true,true,true,true,false,true,true,false,false
85,30,0.0,0,0.0,true,false,true,false,false,true,true,false,false,false,true,true,false,true,true,false,true,true,false,false,true,false,true,true,false,false,true,false,true,true
86,30,0.0,0,0.0,true,false,false,true,true,true,true,true,true,false,true,true,true,true,true,true,true,true,true,true,true,true,false,true,true,true,true,true,false,true
87,30,0.0,0,0.0,false,false,false,true,false,true,false,true,true,false,false,true,true,false,true,false,true,true,false,true,true,true,true,false,true,false,false,true,true,true
88,30,0.0,0,0.0,true,true,true,true,true,true,true,true,true,true,true,true,true,true,true,true,true,true,true,true,true,true,true,true,false,true,true,true,true,true
89,30,0.015625,0,0.0,true,false,false,true,true,false,false,true,true,false,true,true,true,true,true,true,true,true,true,true,false,false,true,true,true,false,true,false,false,false
90,30,0.0,0,0.0,true,false,false,true,true,true,false,false,false,false,false,true,false,true,false,true,false,false,true,false,true,false,false,true,true,false,true,false,true,false
91,30,0.0,0,0.0,false,false,false,false,true,false,true,false,false,false,false,false,true,false,false,false,false,true,false,false,false,false,false,false,false,false,false,false,false,false
92,30,0.0,0,0.0,false,false,false,true,false,false,false,true,false,true,false,false,true,false,true,true,true,false,false,false,false,true,false,false,true,true,false,false,false,false
93,30,0.0,0,0.0,false,true,false,true,false,true,false,false,false,false,true,true,false,false,false,false,false,true,false,true,false,false,true,true,false,false,false,false,false,false
94,30,0.0,0,0.0,true,true,true,false,false,false,true,false,true,true,true,false,true,false,true,true,true,false,true,true,false,false,true,false,true,true,false,true,true,false
95,30,0.0,0,0.0,true,true,true,false,true,false,true,true,true,true,false,true,true,false,false,true,true,true,false,true,true,false,true,true,true,false,true,true,true,true
96,30,0.015625,0,0.0,false,true,true,true,false,true,true,false,true,true,true,true,false,false,false,true,false,true,false,false,false,true,false,false,true,true,true,true,true,true
97,30,0.0,0,0.0,true,true,true,true,true,true,true,false,true,true,true,true,true,true,true,true,true,true,true,true,true,true,true,true,false,true,true,true,true,true
98,30,0.0,0,0.0,true,true,false,false,false,true,true,true,true,true,true,true,true,true,true,true,true,true,true,true,false,true,true,true,true,true,true,true,true,false
99,30,0.0,0,0.0,true,true,true,true,true,true,true,true,true,true,true,true,false,false,true,true,true,true,true,true,true,true,true,false,true,false,true,true,true,true
100,30,0.0,0,0.0,false,false,true,false,true,false,true,true,false,true,true,true,true,true,true,true,true,true,true,true,true,true,true,true,true,true,true,true,true,true
101,30,0.0,0,0.0,false,true,false,true,false,false,false,false,false,true,true,true,true,false,false,false,false,true,false,false,false,false,false,true,false,false,true,false,true,false
102,30,0.0,0,0.0,true,true,false,true,true,false,false,true,true,true,true,true,true,true,true,false,true,true,false,true,false,true,false,false,false,false,true,false,false,true
103,30,0.0,0,0.0,false,false,false,true,false,true,false,true,true,false,false,true,false,false,true,false,false,true,true,false,false,true,false,false,true,false,true,false,false,true
104,30,0.0,0,0.0,false,false,false,false,false,false,true,false,false,true,false,false,false,false,false,false,true,false,false,false,false,false,false,false,true,false,false,false,false,true
105,30,0.0,0,0.0,false,false,false,false,false,false,false,false,false,true,true,true,false,true,true,false,false,false,false,false,false,true,false,true,false,false,true,false,false,false
106,30,0.0,0,0.0,false,true,true,true,true,false,false,false,true,true,false,true,false,false,true,false,false,false,true,false,false,false,false,false,false,false,false,false,true,false
107,30,0.0,0,0.0,true,false,true,false,true,true,false,true,true,true,true,true,false,false,false,false,false,true,true,true,false,false,false,false,false,true,false,false,false,false
108,30,0.0,0,0.0,false,true,true,true,true,true,true,true,true,true,true,true,false,false,false,true,false,false,true,true,false,true,true,true,true,true,true,true,true,true
109,30,0.015625,0,0.0,false,false,true,true,false,false,false,false,false,false,true,false,false,true,true,false,false,true,false,false,true,false,true,true,true,true,false,true,true,true
110,30,0.0,0,0.0,false,false,true,false,false,false,false,false,false,false,false,true,false,false,false,false,false,true,false,false,false,false,false,false,false,false,false,false,false,true
111,30,0.0,0,0.0,true,true,true,true,true,true,true,true,false,true,true,true,true,true,true,true,true,true,true,true,true,true,true,true,true,true,true,true,true,true
112,30,0.0,0,0.0,true,true,true,true,true,true,true,true,true,true,true,true,true,true,true,true,true,true,true,true,true,false,true,true,false,true,true,true,true,true
113,30,0.0,0,0.0,false,false,false,false,false,true,false,true,false,false,true,false,false,false,false,true,false,false,true,false,false,false,false,false,true,true,false,false,false,false
114,30,0.0,0,0.0,true,true,true,true,true,false,false,true,true,true,true,false,true,false,true,true,true,false,true,true,true,true,true,true,true,true,true,true,true,true
115,30,0.015625,0,0.0,true,false,true,true,true,false,true,true,false,true,false,true,true,true,false,false,true,true,true,true,true,false,true,true,true,true,true,true,false,true
116,30,0.0,0,0.0,true,true,true,false,true,false,true,true,true,true,true,true,false,false,true,false,false,false,false,false,true,true,true,true,false,true,false,false,true,true
117,30,0.0,0,0.0,false,false,false,true,false,false,true,false,true,true,true,true,true,true,true,true,true,true,true,true,true,true,true,true,true,true,false,false,true,true
118,30,0.0,0,0.0,true,false,true,false,false,true,false,false,false,false,false,false,false,true,false,false,false,false,true,true,false,true,true,false,false,true,false,false,true,true
119,30,0.0,0,0.0,false,true,false,false,false,false,false,true,false,false,true,false,false,true,false,false,true,true,false,true,true,false,false,false,false,false,true,false,true,true
120,30,0.0,0,0.0,false,false,false,false,false,false,false,false,false,false,false,false,false,false,false,false,false,false,false,true,false,false,false,false,false,false,true,false,false,true
121,30,0.0,0,0.0,false,false,true,false,true,false,false,true,false,false,false,false,false,true,false,false,false,false,false,true,false,true,true,true,false,true,false,false,false,false
122,30,0.015625,0,0.0,true,true,true,true,true,true,true,true,true,true,true,true,true,true,true,true,true,true,true,true,false,true,true,true,true,true,true,true,true,true
123,30,0.0,0,0.0,false,false,false,true,false,false,true,true,false,false,false,true,false,false,true,true,true,false,true,false,true,true,true,false,false,false,false,false,false,false
124,30,0.0,0,0.0,true,true,true,false,true,false,false,true,true,false,true,true,false,true,false,false,false,false,false,true,false,true,false,false,false,true,false,true,true,false
125,30,0.0,0,0.0,true,true,true,true,true,true,true,true,false,true,false,false,true,false,true,false,true,true,true,true,false,true,false,true,true,true,false,true,true,false
126,30,0.0,0,0.0,false,false,false,true,false,false,true,true,true,false,true,true,true,false,false,true,true,true,false,false,false,true,false,true,true,false,true,true,true,true
127,30,0.0,0,0.0,true,true,true,true,true,true,false,false,true,false,true,false,true,false,true,true,true,false,true,true,true,false,true,true,true,false,true,true,true,false
128,30,0.0,0,0.0,true,true,true,true,false,true,false,true,false,true,false,true,true,false,true,true,true,false,true,false,true,true,false,true,true,true,true,false,false,true
129,30,0.015625,0,0.0,true,true,true,true,true,true,true,true,true,false,true,true,true,false,true,true,true,true,false,true,false,true,true,true,true,true,true,true,true,true
130,30,0.0,0,0.0,false,false,false,false,false,false,false,false,false,false,false,false,false,false,false,false,false,false,true,false,false,true,false,false,false,true,true,false,false,false
131,30,0.0,0,0.0,false,true,true,true,true,true,true,true,true,true,true,true,true,true,false,true,true,true,true,true,true,true,true,true,true,true,true,false,true,true
132,30,0.0,0,0.0,true,false,true,false,true,true,true,true,true,false,false,true,false,true,false,true,false,false,true,true,true,false,true,true,true,true,true,false,false,true
133,30,0.0,0,0.0,false,true,true,false,true,true,true,true,true,true,true,true,true,true,true,true,true,false,true,false,true,true,true,true,true,false,true,false,true,true
134,30,0.0,0,0.0,false,false,true,true,true,false,false,true,true,true,false,false,true,true,false,true,true,true,false,false,true,true,false,false,true,true,false,true,true,false
135,30,0.0,0,0.0,false,true,true,true,false,false,false,false,false,false,true,true,true,false,true,false,true,false,false,false,true,true,true,true,false,false,true,false,true,false
136,30,0.015625,0,0.0,true,true,true,true,true,false,false,true,true,true,true,true,true,false,true,false,true,true,true,false,false,true,true,true,true,false,true,true,false,true
137,30,0.0,0,0.0,true,true,true,true,true,true,true,true,true,true,true,true,true,true,true,true,true,false,true,false,true,true,true,true,true,true,true,true,false,false
138,30,0.0,0,0.0,true,true,true,true,true,false,false,true,false,true,true,true,true,false,true,true,true,true,true,true,true,true,true,false,true,true,true,true,true,true
139,30,0.0,0,0.0,false,false,false,true,false,true,false,true,false,true,false,false,false,true,false,false,false,false,false,false,true,false,false,false,true,true,false,true,false,false
140,30,0.0,0,0.0,true,true,true,true,true,true,true,true,true,true,true,false,true,true,true,true,true,true,true,true,true,true,true,true,true,true,true,true,true,false
141,30,0.0,0,0.0,false,true,false,false,false,false,false,true,false,false,false,true,false,true,false,true,false,true,true,false,true,false,false,false,true,false,false,false,false,false
142,30,0.015625,0,0.0,true,false,false,false,false,false,false,true,false,false,true,true,false,false,false,false,false,false,false,false,false,true,false,true,false,false,true,false,true,true
143,30,0.0,0,0.0,true,true,true,true,true,true,true,true,true,false,true,true,true,true,true,true,true,true,true,true,true,true,true,true,true,true,true,true,true,true
144,30,0.0,0,0.0,true,false,false,false,true,true,false,true,false,false,false,true,true,false,false,false,false,false,false,true,false,true,true,false,false,false,false,false,true,true
145,30,0.0,0,0.0,true,false,false,true,true,true,false,true,true,true,true,false,false,true,true,false,false,false,false,false,true,false,true,true,false,false,false,false,true,true
146,30,0.0,0,0.0,true,true,false,true,true,true,true,true,true,true,true,true,true,true,false,false,false,true,false,true,true,true,false,true,false,true,true,true,true,true
147,30,0.0,0,0.0,false,false,false,true,true,true,false,false,true,true,true,true,false,true,false,false,true,true,false,true,false,false,true,false,false,false,false,false,false,false
148,30,0.0,0,0.0,false,true,true,true,false,true,true,true,true,false,false,false,true,true,false,false,false,true,false,true,false,false,false,true,false,false,false,true,false,true
149,30,0.0,0,0.0,true,true,false,true,false,true,true,false,false,true,true,true,false,true,false,true,true,false,true,false,true,true,true,false,true,true,true,false,true,true
150,30,0.0,0,0.0,true,true,true,true,true,true,true,true,true,true,true,false,true,false,true,true,true,false,false,false,true,true,true,true,true,true,true,true,true,true
151,30,0.0,0,0.0,true,true,true,false,true,false,true,true,false,true,true,true,false,true,true,false,true,true,false,true,true,true,true,true,true,false,true,true,false,true
152,30,0.0,0,0.0,true,true,true,true,true,true,true,true,true,false,true,false,true,true,true,true,true,true,true,false,true,true,true,true,true,true,true,true,true,true
153,30,0.0,0,0.0,false,true,false,true,true,false,true,true,true,true,true,false,false,true,true,true,true,true,false,true,false,false,true,false,false,true,false,true,false,true
154,30,0.0,0,0.0,true,false,true,true,true,true,true,true,false,true,true,true,true,true,true,true,true,true,true,true,true,true,true,true,true,true,true,true,false,false
155,30,0.0,0,0.0,true,true,true,true,true,true,true,true,true,true,true,true,false,true,true,true,true,true,true,true,true,false,true,true,true,true,true,true,true,true
156,30,0.0,0,0.0,true,true,false,false,false,false,true,true,true,true,true,true,true,true,false,false,false,false,true,true,true,false,true,false,false,true,true,true,false,false
157,30,0.0,0,0.0,true,true,true,true,false,true,false,false,true,true,false,true,true,false,true,true,true,false,true,true,true,false,true,false,true,false,true,true,false,true
158,30,0.0,0,0.0,true,false,true,true,true,true,true,true,true,true,true,true,true,true,true,true,true,false,true,true,true,true,true,true,true,false,true,true,false,true
159,30,0.0,0,0.0,false,true,true,false,true,false,false,false,true,true,true,true,false,true,false,true,false,true,true,false,false,false,false,false,false,false,false,false,true,false
160,30,0.0,0,0.0,true,false,false,false,true,true,true,true,true,true,true,true,true,false,false,true,false,true,true,true,true,true,false,true,false,true,false,true,false,true
161,30,0.0,0,0.0,false,true,true,true,true,true,true,true,true,false,true,true,false,true,true,true,true,false,true,true,false,true,true,true,true,true,true,true,true,true
162,30,0.015625,0,0.0,true,false,true,false,true,true,true,true,true,true,true,true,true,true,true,true,true,true,true,true,true,true,true,true,true,true,true,true,true,false
163,30,0.0,0,0.0,true,true,true,true,true,true,true,true,true,true,true,true,true,true,true,true,true,true,true,false,true,true,true,true,true,true,true,true,true,true
164,30,0.0,0,0.0,false,true,false,false,true,true,false,true,false,false,true,true,true,true,true,true,false,true,true,false,true,true,true,true,false,false,false,true,true,false
165,30,0.0,0,0.0,false,false,true,true,false,false,false,false,false,true,false,false,false,true,true,false,false,false,false,true,false,false,false,false,false,false,false,true,true,false
166,30,0.015625,0,0.0,false,true,false,false,true,false,true,false,true,true,false,true,false,true,true,true,true,false,true,true,true,false,true,true,false,true,true,false,false,false
167,30,0.0,0,0.0,false,false,false,false,false,false,false,false,true,false,false,false,false,false,false,false,false,false,false,false,false,true,false,false,false,false,true,false,false,false
168,30,0.0,0,0.0,true,true,false,false,true,true,false,false,false,true,false,false,true,true,true,false,true,false,true,true,true,true,false,false,true,false,true,false,false,false
169,30,0.0,0,0.0,false,false,true,true,false,true,false,true,true,false,true,false,true,false,true,true,false,true,false,false,true,false,false,true,true,true,true,true,true,true
170,30,0.0,0,0.0,true,true,false,true,false,true,true,false,true,true,true,true,false,false,true,false,false,true,false,true,true,false,true,true,false,true,true,false,false,true
171,30,0.0,0,0.0,false,false,true,true,true,false,false,false,false,true,false,false,false,false,false,false,true,false,false,false,false,false,false,true,false,false,true,false,true,false
172,30,0.015625,0,0.0,true,true,true,true,false,true,true,true,true,true,false,true,true,true,false,true,true,false,true,false,true,true,true,false,true,true,true,false,false,true
173,30,0.0,0,1.7960845357121476E-4,true,false,true,false,false,false,false,false,false,false,true,false,false,false,false,true,false,true,true,true,false,false,false,false,true,true,false,false,false,true
174,30,0.0,0,0.0,true,true,false,true,true,true,false,true,false,true,false,false,false,false,false,false,false,true,false,false,true,true,true,false,false,false,false,false,false,false
175,30,0.0,0,0.0,false,true,true,true,false,false,true,false,true,false,true,true,true,true,false,true,true,false,true,false,true,true,false,true,false,true,false,true,true,false
176,30,0.0,0,0.0,true,true,true,true,true,true,true,true,true,true,true,true,true,false,true,true,true,true,true,true,true,true,true,true,true,true,true,true,true,true
177,30,0.0,0,0.0,true,true,false,true,false,false,false,false,true,false,false,true,false,false,true,false,true,false,false,true,false,true,true,true,false,true,true,false,false,false
178,30,0.0,0,0.0,true,false,false,false,false,true,true,true,true,false,true,false,true,true,false,true,true,true,false,true,false,false,true,true,true,true,true,true,true,true
179,30,0.0,0,0.0,true,true,true,false,false,false,true,false,false,true,true,false,true,true,true,false,true,false,true,false,false,true,true,false,false,false,false,true,false,true
180,30,0.0,0,0.0,true,false,true,true,true,false,false,true,false,true,false,true,false,true,true,true,true,true,true,true,true,false,true,true,true,true,true,true,true,false
181,30,0.0,0,0.0,true,true,true,false,true,false,false,true,true,true,true,true,true,true,true,true,false,true,true,false,true,false,true,true,true,false,true,true,false,true
182,30,0.0,0,0.0,true,false,true,true,true,true,true,false,false,false,true,true,false,true,false,false,true,false,true,true,false,true,false,true,false,true,true,true,true,false
183,30,0.0,0,0.0,true,true,true,false,true,true,false,false,false,false,false,true,true,true,true,false,false,false,true,true,true,true,true,true,true,false,false,true,true,false
184,30,0.0,0,0.0,false,true,true,false,false,true,true,true,true,false,true,true,false,false,false,false,false,true,false,false,true,true,true,false,true,false,true,false,true,true
185,30,0.0,0,0.0,false,true,true,true,true,true,true,true,true,true,true,true,true,true,true,true,true,false,true,true,true,true,true,true,true,false,false,true,true,false
186,30,0.015625,0,0.0,false,false,false,true,false,true,true,true,true,true,false,false,false,false,false,true,true,false,true,false,true,true,false,true,false,true,false,false,false,true
187,30,0.0,0,0.0,false,false,false,true,true,false,false,false,false,false,false,true,false,false,false,false,false,false,true,true,false,false,false,false,false,true,true,false,true,false
188,30,0.0,0,0.0,false,false,false,false,true,false,false,false,false,true,false,false,true,false,false,false,true,true,false,false,true,false,true,true,false,false,true,false,false,false
189,30,0.0,0,0.0,false,false,true,true,false,true,true,true,false,false,true,true,false,false,true,false,true,false,true,false,true,true,false,false,true,true,false,true,true,true
190,30,0.0,0,0.0,false,true,false,false,true,true,false,false,false,false,false,false,false,true,false,true,false,false,true,true,false,true,true,true,true,true,false,true,false,false
191,30,0.0,0,0.0,false,false,true,false,false,true,true,false,true,false,true,false,true,false,true,true,false,false,false,false,false,false,true,false,false,true,false,false,true,false
192,30,0.015625,0,0.0,true,false,false,true,false,false,false,true,false,false,false,true,false,true,false,false,true,false,true,false,true,true,true,true,false,true,true,true,true,true
193,30,0.0,0,0.0,true,false,true,true,false,false,false,true,false,false,true,false,false,true,true,true,true,false,false,true,true,true,true,true,true,true,true,false,true,false
194,30,0.0,0,0.0,true,true,true,true,true,true,true,true,true,true,true,true,true,true,true,true,true,true,true,true,true,true,true,true,true,true,true,false,true,true
195,30,0.0,0,0.0,false,true,true,true,false,true,true,false,true,false,true,true,false,true,false,false,true,false,true,true,true,true,true,true,true,true,true,true,false,true
196,30,0.0,0,0.0,false,false,false,false,false,false,false,true,false,true,true,false,false,false,false,false,true,false,false,false,true,false,false,false,true,false,false,false,false,false
197,30,0.0,0,0.0,false,false,true,false,false,false,true,false,false,true,false,true,false,true,false,false,false,false,true,false,false,true,true,false,false,false,false,true,false,false
198,30,0.0,0,0.0,true,false,true,false,true,true,true,true,false,false,false,true,true,true,true,false,false,false,false,false,false,false,true,false,true,false,true,false,true,true
199,30,0.0,0,0.0,false,true,false,false,false,false,false,true,false,false,true,false,true,false,false,true,true,false,false,false,false,true,true,false,false,false,true,true,false,false
200,30,0.0,0,5.006257822277847E-5,true,false,true,false,false,false,false,false,false,true,true,false,false,true,false,false,false,false,true,false,true,true,true,false,true,false,true,false,false,false
201,30,0.0,0,0.0,false,false,true,true,true,true,true,true,true,true,true,true,true,true,true,true,true,true,false,true,false,true,true,true,true,true,true,true,true,true
202,30,0.0,0,0.0,true,false,false,true,true,true,true,true,true,true,true,true,true,true,true,true,true,false,true,true,true,true,false,false,true,false,false,true,false,false
203,30,0.0,0,0.0,true,false,false,true,true,true,true,true,true,false,false,false,false,false,false,true,true,false,false,false,true,false,false,false,false,false,false,false,false,false
204,30,0.015625,0,0.0,false,true,false,true,false,true,false,true,false,false,false,true,true,true,true,false,false,false,false,false,true,true,true,true,false,true,false,true,true,false
205,30,0.0,0,0.0,true,true,true,true,false,true,true,true,true,false,true,true,true,true,false,true,false,true,true,true,false,true,false,false,true,true,true,false,false,true
206,30,0.0,0,0.0,true,true,true,true,false,true,true,true,true,true,true,true,true,true,true,true,true,true,true,true,true,true,true,true,true,true,true,true,true,true
207,30,0.0,0,0.0,true,true,true,false,true,true,true,true,true,true,true,true,true,true,true,true,true,true,true,false,true,true,false,true,true,true,true,true,true,true
208,30,0.0,0,0.0,true,true,true,true,true,true,true,true,true,true,true,true,true,true,true,true,true,false,true,true,false,false,true,false,true,true,true,true,true,true
209,30,0.015625,0,0.0,true,false,false,true,false,false,true,true,true,false,true,true,false,false,true,false,false,true,false,false,true,false,true,false,true,false,true,false,false,false
210,30,0.0,0,0.0,true,false,false,true,false,true,true,true,true,true,true,false,false,false,false,true,false,true,false,true,false,true,true,false,false,true,true,true,false,false
211,30,0.0,0,0.0,true,true,true,true,false,true,true,true,false,true,false,true,true,true,true,true,true,true,true,true,true,false,true,true,true,false,true,true,true,false
212,30,0.0,0,0.0,true,true,true,true,true,true,true,true,true,true,true,false,true,true,true,true,true,false,true,true,true,true,true,true,true,true,false,true,true,false
213,30,0.0,0,0.0,true,true,false,false,true,false,true,true,true,true,true,false,true,false,false,true,true,true,true,false,true,false,true,true,true,true,true,true,true,true
214,30,0.015625,0,0.0,false,false,false,false,false,false,true,true,false,false,false,true,false,false,true,false,false,false,true,false,true,true,false,true,true,true,true,false,true,false
215,30,0.0,0,0.0,true,false,true,false,true,false,false,false,false,true,true,true,false,false,true,true,true,true,false,true,true,true,false,true,true,false,false,false,true,false
216,30,0.0,0,0.0,true,true,true,true,true,true,true,true,true,true,true,true,true,true,true,false,true,true,true,true,true,true,true,true,true,true,true,true,true,true
217,30,0.0,0,0.0,true,false,false,true,true,true,true,true,true,false,true,false,false,true,true,true,true,true,true,true,true,true,true,true,true,true,true,false,true,false
218,30,0.0,0,0.0,false,true,true,false,true,true,true,true,false,true,true,true,true,true,true,true,true,true,false,false,true,true,true,true,true,true,true,true,true,true
219,30,0.015625,0,0.0,false,false,false,false,false,false,false,false,false,false,false,false,false,false,false,false,false,true,false,false,false,true,true,true,false,false,false,false,false,false
220,30,0.0,0,0.0,true,true,true,true,true,true,true,true,true,false,false,false,true,false,true,true,true,true,true,true,true,true,false,true,false,true,false,true,false,false
221,30,0.0,0,0.0,true,true,true,true,true,true,true,true,true,false,true,true,true,true,true,true,true,false,true,true,true,true,true,false,true,false,true,true,true,true
222,30,0.0,0,0.0,false,false,true,true,false,true,false,false,false,false,true,true,false,true,true,false,false,true,true,false,true,true,false,true,true,true,true,true,true,false
223,30,0.015625,0,0.0,true,true,false,false,false,true,true,true,true,true,true,false,true,false,true,true,true,true,false,true,true,false,true,true,true,true,true,true,true,true
224,30,0.0,0,0.0,true,false,true,true,true,true,true,true,true,true,true,true,true,true,true,true,false,true,true,true,true,true,true,false,false,true,true,false,true,true
225,30,0.0,0,0.0,false,false,true,false,false,false,false,true,true,false,true,true,true,false,true,true,false,true,true,false,false,true,false,false,true,true,false,false,true,false
226,30,0.0,0,0.0,false,false,false,true,false,false,false,true,false,false,false,false,false,false,false,false,false,false,true,false,false,false,false,false,false,false,true,true,false,false
227,30,0.0,0,0.0,false,false,false,true,false,true,false,false,false,false,false,true,false,true,false,false,false,false,false,false,false,false,false,false,false,false,false,false,false,false
228,30,0.0,0,0.0,true,false,false,false,false,true,false,true,true,false,false,true,false,true,true,true,false,false,false,true,false,true,true,false,true,true,false,true,true,true
229,30,0.015625,0,0.0,false,true,false,false,true,true,false,false,false,false,true,true,false,false,false,false,false,false,false,false,false,false,true,false,false,false,true,false,false,false
230,30,0.0,0,0.0,true,false,true,true,true,true,true,true,true,true,true,false,false,false,true,true,false,false,true,true,false,true,true,true,true,true,true,false,true,true
231,30,0.0,0,0.0,true,true,true,true,true,true,false,true,true,false,false,true,true,true,true,false,true,true,true,false,true,false,true,true,true,true,true,true,true,true
232,30,0.0,0,0.0,true,false,true,false,false,false,true,true,false,true,true,false,true,true,false,true,true,true,true,false,true,true,false,false,false,true,true,false,false,false
233,30,0.0,0,0.0,true,true,true,true,true,true,true,true,true,true,true,true,false,true,true,false,true,false,true,false,false,true,false,true,true,true,true,true,true,false
234,30,0.0,0,0.0,true,true,true,true,true,true,true,false,false,false,false,true,true,true,false,false,false,true,true,true,false,true,false,false,false,false,false,true,false,false
235,30,0.0,0,0.0,false,false,true,true,true,true,true,false,true,true,true,false,false,true,true,false,false,true,false,true,false,false,true,true,false,false,true,true,true,false
236,30,0.0,0,0.0,false,true,true,false,false,false,false,true,false,false,false,false,true,false,false,true,true,true,false,false,true,true,true,true,false,true,false,false,false,false
237,30,0.0,0,0.0,true,false,false,false,true,true,false,true,true,true,true,true,true,false,true,false,true,true,false,true,false,false,true,true,true,true,false,true,false,false
238,30,0.0,0,0.0,true,false,false,true,true,true,true,false,false,false,false,true,true,false,false,false,true,true,false,false,false,false,false,false,true,true,true,false,false,false
239,30,0.015625,0,0.0,true,false,true,false,true,true,false,false,true,true,true,false,true,true,false,true,true,false,true,false,true,true,true,true,true,true,false,false,false,true
240,30,0.0,0,0.0,true,false,false,true,true,true,false,true,true,true,true,true,false,true,true,true,true,false,true,true,true,true,true,false,true,true,true,true,true,true
241,30,0.0,0,0.0,true,false,true,false,false,false,true,true,true,true,true,false,true,true,true,false,true,true,false,true,true,true,false,true,true,true,true,true,false,true
242,30,0.0,0,0.0,true,false,false,false,false,false,false,true,true,false,false,false,false,false,false,false,false,true,true,false,true,false,true,false,true,false,false,false,true,false
243,30,0.0,0,0.0,false,false,true,false,false,false,false,false,false,false,true,false,true,false,false,true,true,false,true,false,false,false,true,true,false,true,false,false,false,true
244,30,0.0,0,0.0,true,true,true,false,true,false,true,false,false,false,true,true,false,true,true,true,true,true,false,true,false,false,false,true,false,true,true,false,true,false
245,30,0.0,0,0.0,true,true,true,true,true,true,true,true,true,true,true,true,true,true,true,true,true,true,true,true,false,true,true,true,true,true,true,true,true,true
246,30,0.0,0,0.0,true,true,false,true,true,true,true,true,false,true,true,true,true,true,true,true,true,true,true,true,false,true,true,false,true,true,true,false,true,false
247,30,0.0,0,0.0,true,false,true,true,true,true,true,true,true,false,false,true,true,true,true,false,true,false,true,true,true,true,false,false,true,true,true,false,true,false
248,30,0.0,0,0.0,false,true,true,false,false,true,false,false,false,false,false,true,true,true,true,false,true,true,true,true,false,true,true,false,true,false,true,false,true,false
249,30,0.0,0,0.0,false,false,true,false,false,false,true,true,true,true,false,true,true,true,false,true,true,true,true,true,false,true,true,true,true,false,true,true,true,false
250,30,0.015625,0,0.0,true,false,true,false,false,true,true,false,true,false,false,false,true,true,true,true,true,true,true,true,false,false,false,true,true,false,true,false,true,true
251,30,0.0,0,0.0,false,true,false,true,false,true,true,true,false,true,false,true,false,false,true,true,false,true,false,true,true,false,true,false,false,false,false,false,false,false
252,30,0.0,0,0.0,true,true,true,true,true,false,true,true,true,true,true,true,false,true,true,false,true,true,true,true,true,true,true,true,false,true,false,false,true,true
253,30,0.0,0,0.0,false,false,false,true,false,false,false,false,false,false,false,false,true,false,false,false,true,false,false,false,false,true,false,false,false,true,true,true,false,false
254,30,0.0,0,0.0,true,false,true,true,false,false,false,true,false,true,false,true,false,false,false,false,false,false,true,false,true,false,false,true,true,true,false,true,true,true
255,30,0.0,0,0.0,true,false,true,true,false,true,true,false,true,true,true,true,true,true,true,true,true,true,true,true,true,true,true,true,false,true,true,true,true,true
256,30,0.0,0,0.0,false,false,false,false,false,false,false,false,false,false,false,false,true,false,false,false,true,false,false,false,false,false,false,false,true,true,false,false,true,false
257,30,0.0,0,0.0,true,true,true,true,true,false,true,true,false,false,true,true,false,true,true,true,true,true,true,true,false,false,true,true,true,false,true,true,true,true
258,30,0.0,0,0.0,true,true,true,true,true,true,true,true,true,true,true,true,true,true,true,true,false,true,true,true,true,true,true,true,true,true,true,true,true,true
259,30,0.0,0,0.0,false,true,true,true,true,false,false,true,true,false,false,true,false,false,true,true,true,true,true,true,true,false,true,false,true,true,true,false,true,true
260,30,0.0,0,0.0,true,true,true,false,true,true,true,true,true,true,true,true,true,true,true,true,true,true,true,true,true,true,true,true,true,false,true,true,true,false
261,30,0.015625,0,0.0,true,true,true,true,true,true,true,true,true,false,true,true,true,true,true,true,true,true,true,true,true,false,true,true,true,true,false,true,false,true
262,30,0.0,0,0.0,true,false,true,true,true,true,true,true,true,true,true,true,true,false,true,true,true,true,true,true,false,true,true,true,true,true,false,true,true,true
263,30,0.0,0,0.0,true,false,false,true,true,false,true,true,false,false,false,false,true,false,false,true,true,false,false,false,false,false,false,true,true,false,true,true,false,true
264,30,0.0,0,0.0,true,false,false,true,true,true,true,true,false,false,false,true,true,false,false,false,false,true,false,false,false,false,false,true,true,false,true,false,true,false
265,30,0.0,0,0.0,false,false,false,false,false,false,false,false,true,false,false,false,false,false,false,false,false,false,false,false,false,false,false,false,false,false,false,false,true,false
266,30,0.015625,0,0.0,true,true,true,true,true,true,false,true,true,true,true,true,true,true,true,true,true,true,true,true,true,false,true,true,true,true,true,true,true,true
267,30,0.0,0,0.0,false,true,false,false,true,false,false,true,false,false,false,false,false,false,false,true,true,true,false,false,true,false,false,false,false,false,true,true,false,false
268,30,0.0,0,0.0,true,false,false,false,false,true,true,true,true,false,true,false,true,true,false,false,false,false,false,false,false,false,false,false,false,false,false,false,true,false
269,30,0.0,0,0.0,false,true,true,false,false,false,false,false,true,false,true,true,false,true,false,true,false,false,false,false,false,true,true,false,true,true,true,true,true,true
270,30,0.0,0,0.0,true,false,true,true,false,false,false,true,true,true,true,false,true,false,true,true,false,true,false,true,false,true,false,true,true,true,true,true,false,false
271,30,0.0,0,0.0,false,true,true,true,true,true,true,false,true,true,true,true,true,true,true,true,false,true,true,true,true,true,true,true,true,true,true,true,true,true
272,30,0.0,0,0.0,true,true,false,true,true,true,true,true,true,true,true,true,false,true,true,false,true,true,true,true,false,false,true,true,false,true,true,true,true,false
273,30,0.0,0,0.0,false,false,true,true,true,false,true,true,true,false,true,false,false,true,false,true,true,true,true,true,false,false,false,false,true,true,false,false,false,true
274,30,0.0,0,0.0,false,true,false,false,false,false,false,false,true,true,true,true,true,true,false,true,true,true,true,true,false,false,false,true,true,false,false,false,true,false
275,30,0.0,0,0.0,true,false,true,true,false,true,true,true,false,true,false,false,true,false,true,false,true,true,true,true,false,false,false,true,true,true,false,true,true,true
276,30,0.0,0,0.0,true,false,false,true,true,true,false,false,false,false,false,false,false,false,false,false,false,false,false,false,false,true,true,false,false,false,false,false,true,false
277,30,0.0,0,0.0,true,true,false,true,true,true,true,true,false,true,true,false,true,true,true,false,true,false,false,true,false,false,false,false,false,true,true,false,true,false
278,30,0.0,0,0.0,true,false,true,true,false,false,false,false,false,false,false,false,false,false,true,false,true,false,false,false,false,true,false,false,false,false,true,false,true,true
279,30,0.0,0,0.0,true,false,false,true,true,true,false,true,false,false,false,true,true,false,false,false,true,true,false,false,false,false,true,true,false,true,true,false,false,true
280,30,0.0,0,0.0,true,true,true,false,false,true,false,false,true,true,false,false,false,true,true,true,true,true,false,false,false,true,false,true,true,true,true,false,true,true
281,30,0.0,0,0.0,true,true,true,false,true,true,true,true,true,true,false,false,true,true,true,true,true,true,true,true,true,true,false,true,true,true,true,false,true,true
282,30,0.0,0,0.0,false,true,false,false,false,true,false,false,false,true,false,true,true,false,true,true,false,false,true,false,false,true,false,false,false,true,false,false,false,true
283,30,0.0,0,0.0,false,false,false,false,false,false,false,false,false,false,true,false,true,true,true,false,false,false,false,false,false,false,false,false,false,false,false,false,false,false
284,30,0.0,0,0.0,true,false,true,true,true,true,true,true,true,true,true,true,true,true,true,true,true,true,true,false,true,true,true,true,false,false,true,true,true,true
285,30,0.0,0,0.0,false,true,false,false,false,true,false,false,false,false,false,false,false,false,false,false,false,false,true,false,false,true,false,true,false,true,false,false,true,false
286,30,0.0,0,0.0,true,true,true,false,true,true,true,true,true,true,true,true,true,true,true,true,true,true,true,true,true,true,true,true,true,true,true,true,true,true
287,30,0.0,0,0.0,false,false,false,false,true,false,false,true,true,true,true,false,false,true,true,false,true,true,true,true,false,true,true,false,true,false,false,false,true,true
288,30,0.015625,0,0.0,true,true,false,true,false,true,false,true,true,false,true,false,false,false,false,true,false,false,false,true,false,true,true,true,true,true,true,true,false,false
289,30,0.0,0,0.0,true,true,true,true,true,true,true,true,true,true,true,true,true,true,true,false,true,true,true,true,true,true,true,true,true,true,true,true,true,true
290,30,0.0,0,0.0,false,false,false,false,true,true,true,false,true,false,true,true,false,true,false,true,false,true,true,false,false,false,false,true,true,false,true,true,false,true
291,30,0.0,0,0.0,false,false,false,false,false,false,false,true,false,true,true,false,true,false,false,false,false,false,false,false,false,false,false,true,false,false,true,true,true,false
292,30,0.0,0,0.0,false,false,false,true,false,false,false,false,false,false,false,false,false,false,true,true,false,false,false,false,false,false,false,false,false,false,false,false,false,false
293,30,0.0,0,0.0,false,true,true,false,false,false,true,true,false,false,true,false,true,false,false,false,true,false,true,false,false,false,false,false,false,false,false,false,false,false
294,30,0.015625,0,0.0,false,true,true,false,false,true,true,true,true,false,false,true,true,true,false,true,true,false,true,true,false,true,true,true,false,true,true,true,false,false
295,30,0.0,0,0.0,false,true,true,false,false,false,false,false,true,false,false,false,true,false,true,false,false,true,true,false,false,false,true,true,false,true,false,false,true,false
296,30,0.0,0,0.0,false,false,false,true,true,true,true,false,false,false,false,false,false,false,false,false,false,true,false,true,false,false,false,false,true,false,false,true,false,false
297,30,0.0,0,0.0,false,true,false,false,true,false,true,false,true,true,false,true,true,true,false,false,true,true,false,true,false,false,true,false,true,true,true,false,false,true
298,30,0.015625,0,0.0,true,true,true,true,true,true,true,false,true,true,true,true,true,true,true,true,true,true,true,true,true,true,true,true,true,true,true,true,true,true
299,30,0.0,0,0.0,true,true,true,false,false,true,false,true,false,true,true,true,true,true,false,false,false,false,false,true,false,false,false,false,true,true,true,true,false,true
300,30,0.0,0,0.0,false,false,false,true,true,true,true,false,false,true,true,true,true,true,false,false,false,false,false,false,false,false,false,false,true,false,false,false,false,false
301,30,0.0,0,0.0,true,false,true,true,true,true,true,true,true,true,true,false,true,false,true,false,false,false,false,true,true,true,true,true,false,false,true,false,false,true
302,30,0.015625,0,0.0,true,true,true,false,false,false,false,true,false,false,true,false,false,false,true,true,true,false,true,false,true,true,true,true,false,false,false,false,false,false
303,30,0.0,0,0.0,true,true,true,false,true,false,true,true,true,true,false,true,false,true,true,false,false,true,true,true,true,false,true,true,true,false,true,true,true,true
304,30,0.0,0,0.0,true,false,false,false,false,false,true,false,false,false,true,false,true,false,false,false,true,false,false,false,false,false,true,false,true,false,false,false,false,true
305,30,0.0,0,0.0,false,false,false,false,false,false,false,true,false,false,false,false,true,false,false,false,false,false,false,false,false,false,false,false,false,false,true,false,false,false
306,30,0.0,0,0.0,false,true,true,true,true,true,true,true,false,true,true,true,false,true,false,true,true,true,true,false,true,true,true,true,true,true,true,true,true,true
307,30,0.015625,0,0.0,false,true,false,false,true,true,false,false,false,false,false,true,false,false,false,false,false,true,true,true,true,true,false,false,true,true,false,true,true,true
308,30,0.0,0,8.067118425298483E-5,true,true,true,true,false,true,true,true,true,true,true,true,true,true,true,true,true,true,true,true,true,false,true,true,false,true,true,true,true,true
309,30,0.0,0,0.0,false,false,false,true,false,true,true,true,true,true,false,true,true,false,true,false,true,true,true,true,true,false,true,false,false,true,true,false,false,false
310,30,0.0,0,0.0,true,true,true,true,true,true,true,true,true,true,true,true,true,true,true,false,false,true,false,true,false,true,true,false,false,true,true,false,false,false
311,30,0.015625,0,0.0,false,true,false,false,true,false,true,true,false,true,false,false,false,false,false,false,true,false,false,true,false,true,true,true,false,true,false,true,false,false
312,30,0.0,0,0.0,false,false,true,true,false,true,true,true,true,true,true,true,false,false,false,false,false,true,true,true,true,true,true,true,true,true,true,true,false,true
313,30,0.0,0,0.0,true,true,false,true,true,true,true,true,true,true,true,false,true,true,false,true,true,false,false,false,false,false,false,false,true,true,false,true,false,true
314,30,0.0,0,0.0,true,true,false,false,false,false,true,true,true,false,true,true,true,false,false,true,true,false,false,true,true,true,true,true,true,true,true,true,true,true
315,30,0.015625,0,0.0,true,true,false,true,false,false,true,true,true,true,false,false,true,true,false,false,true,false,false,true,false,false,false,true,true,false,true,true,false,false
316,30,0.0,0,0.0,true,true,true,true,true,true,true,true,true,false,true,false,true,true,true,true,true,true,true,true,true,true,true,true,true,true,true,true,true,true
317,30,0.0,0,0.0,false,true,false,false,true,true,true,false,false,false,false,true,false,true,false,false,false,false,false,false,true,true,true,false,false,false,true,false,false,false
318,30,0.0,0,0.0,true,true,true,false,false,false,false,true,true,true,true,true,true,true,false,false,true,true,true,true,false,false,false,true,true,true,true,false,false,true
319,30,0.015625,0,0.0,false,true,false,false,false,false,false,true,false,false,false,false,false,false,true,false,true,false,false,false,false,true,false,false,false,true,false,true,false,false
320,30,0.0,0,0.0,false,false,false,true,false,false,false,true,false,false,false,false,true,true,false,true,false,false,false,false,false,false,true,true,false,false,false,false,true,false
321,30,0.0,0,0.008142116950407105,false,false,false,false,false,false,false,false,false,false,false,false,false,false,false,false,false,false,true,false,false,false,false,false,false,false,false,false,false,false
322,30,0.0,0,0.0,false,false,true,true,true,true,true,true,true,true,true,false,true,true,false,true,true,false,true,true,true,true,true,true,true,true,true,true,true,true
323,30,0.0,0,0.0,true,false,false,true,true,true,true,false,true,true,true,true,false,true,true,true,true,true,true,false,true,true,true,false,true,false,true,false,true,false
324,30,0.0,0,0.0,false,false,false,false,false,false,false,false,false,false,true,false,true,false,false,false,false,false,false,false,false,false,false,false,false,true,false,false,false,false
325,30,0.0,0,0.0,false,false,true,true,true,true,false,false,false,true,false,true,true,true,true,true,false,true,false,true,false,true,true,true,false,true,false,false,true,false
326,30,0.0,0,0.0,true,true,true,true,true,true,true,true,true,true,true,false,true,true,true,true,true,true,true,false,true,false,false,false,true,true,true,false,true,true
327,30,0.0,0,0.0,false,true,false,true,true,true,true,false,false,false,false,false,false,false,false,true,true,true,false,true,false,false,false,true,false,false,true,true,false,false
328,30,0.0,0,0.0,true,false,true,true,false,true,true,true,true,true,true,false,false,true,true,true,true,true,false,true,false,false,false,true,false,true,true,true,true,true
329,30,0.015625,0,0.0,true,false,false,false,false,true,true,false,true,false,false,false,false,true,false,true,false,false,false,false,true,false,false,true,false,false,false,false,true,false
330,30,0.0,0,0.0,false,false,true,true,false,false,false,false,true,true,true,true,false,false,false,false,false,true,true,false,true,false,true,true,true,true,false,false,false,true
331,30,0.0,0,0.0,true,true,true,true,true,true,true,true,true,true,true,true,true,true,true,true,true,true,true,true,true,true,false,false,true,true,true,true,true,true
332,30,0.0,0,0.0,false,true,true,true,false,false,true,true,false,true,true,true,true,true,true,true,true,true,true,true,true,true,false,true,false,false,false,true,true,true
333,30,0.0,0,0.0,false,true,true,true,true,true,false,false,true,true,false,true,true,false,true,true,false,false,true,true,false,true,true,false,true,true,false,true,false,true
334,30,0.015625,0,0.0,false,true,true,true,true,true,true,false,false,false,true,true,true,false,true,true,true,true,false,false,true,false,false,true,true,false,false,false,false,false
335,30,0.0,0,0.0,false,true,false,true,true,true,false,false,false,true,false,true,true,true,true,false,false,true,false,false,true,false,false,false,false,true,true,false,true,true
336,30,0.0,0,0.0,true,true,true,true,true,true,true,true,false,false,true,true,false,true,true,true,true,true,false,false,false,false,true,false,true,false,true,true,true,false
337,30,0.0,0,0.0,false,true,true,false,false,false,true,true,true,false,true,false,false,true,false,false,true,false,true,false,false,true,true,true,false,false,true,true,true,true
338,30,0.0,0,0.0,true,false,true,true,false,true,true,true,true,true,true,true,true,true,true,true,false,true,true,true,true,true,false,false,true,true,true,true,false,true
339,30,0.015625,0,0.0,false,true,false,false,true,true,false,true,true,false,true,true,true,false,true,true,true,true,false,true,true,false,true,true,true,false,false,true,false,false
340,30,0.0,0,0.0,true,true,false,true,true,true,false,true,true,false,false,true,false,false,false,false,true,true,false,true,true,false,false,true,false,false,false,true,true,true
341,30,0.0,0,0.0,true,true,true,true,true,true,true,true,true,true,true,true,true,true,true,true,false,true,true,true,true,true,true,true,true,true,true,true,true,true
342,30,0.0,0,0.0,false,false,false,true,true,true,true,true,true,true,true,true,false,false,true,true,true,false,true,true,true,true,true,true,false,false,true,true,false,false
343,30,0.0,0,0.0,true,true,true,true,true,true,true,true,true,true,true,false,false,true,true,true,true,false,false,true,true,true,false,true,true,true,true,true,true,false
344,30,0.0,0,0.0,false,false,false,false,true,true,true,true,true,false,false,false,false,false,true,false,true,true,false,false,false,false,false,true,false,false,true,false,false,true
345,30,0.0,0,0.0,true,true,true,false,true,true,false,true,false,true,false,false,true,true,true,true,true,false,true,false,false,true,false,false,true,true,true,true,true,true
346,30,0.0,0,0.0,false,false,false,false,false,false,false,false,false,false,false,false,false,false,false,false,false,false,false,false,false,false,false,false,true,false,false,false,true,false
347,30,0.0,0,0.0,true,true,true,true,true,true,true,false,true,true,true,true,true,true,true,true,true,true,true,true,true,true,true,true,true,true,true,true,true,true
348,30,0.0,0,0.0,true,true,true,false,true,true,true,true,true,false,true,true,true,false,true,true,true,true,true,true,true,true,true,true,true,true,true,false,true,true
349,30,0.0,0,0.0,false,true,true,true,false,true,true,false,true,true,false,false,false,true,true,true,false,false,true,true,true,true,true,true,true,true,true,true,true,true
350,30,0.0,0,0.0,true,true,false,false,false,true,true,true,true,true,true,true,true,true,true,true,true,true,true,true,true,true,false,true,true,true,true,true,true,true
351,30,0.0,0,0.0,true,true,true,true,true,true,false,true,true,true,true,true,false,true,true,false,true,true,true,true,true,false,true,true,true,true,true,true,false,true
352,30,0.0,0,0.0,false,false,false,true,false,false,false,false,false,false,false,false,false,false,false,false,false,false,true,false,false,false,false,false,false,false,false,true,false,false
353,30,0.0,0,0.0,true,true,true,true,true,true,true,true,true,true,false,true,true,true,true,true,true,false,true,true,true,true,true,true,true,true,true,false,true,true
354,30,0.0,0,0.0,true,false,true,false,false,true,true,false,true,true,false,true,true,true,false,true,false,false,false,false,false,true,true,false,false,false,false,true,false,true
355,30,0.0,0,0.0,true,true,true,true,true,true,true,true,false,true,true,true,true,true,false,true,true,true,true,true,true,true,true,true,true,true,true,true,true,true
356,30,0.0,0,0.0,false,true,true,false,false,true,true,false,false,false,true,false,true,true,false,false,true,false,true,false,true,true,true,true,false,true,false,true,false,true
357,30,0.0,0,0.0,false,false,false,false,false,false,false,true,false,false,false,false,true,true,false,false,false,true,true,false,false,true,false,false,false,false,true,false,true,false
358,30,0.0,0,0.0,true,true,false,true,true,true,true,true,true,true,true,true,true,true,true,false,true,false,false,true,true,true,true,true,true,true,true,true,true,true
359,30,0.0,0,0.0,true,true,false,false,true,true,true,false,false,false,false,true,true,true,false,true,true,true,false,false,false,false,true,false,false,false,true,false,false,true
360,30,0.0,0,0.0,false,false,true,true,true,false,true,true,true,true,true,true,true,true,false,true,true,true,false,true,true,true,true,true,true,true,false,true,true,true
361,30,0.0,0,0.0,true,false,false,true,true,true,false,true,true,true,true,false,false,true,false,true,false,true,true,true,false,false,true,true,false,false,false,false,true,true
362,30,0.0,0,0.0,false,false,false,true,true,false,true,false,true,false,false,true,true,false,false,false,true,true,true,false,true,true,false,true,false,false,true,true,false,false
363,30,0.0,0,0.0,true,true,true,true,true,true,true,true,true,true,true,true,true,true,true,true,true,true,true,true,true,true,true,true,true,false,true,true,true,true
364,30,0.015625,0,0.0,true,true,false,true,true,false,true,true,true,true,true,true,true,false,true,true,true,true,true,false,true,true,false,true,false,false,true,false,true,true
365,30,0.0,0,0.0,true,false,true,true,true,true,true,true,true,false,true,true,true,true,true,true,true,true,true,true,true,true,true,true,true,true,true,true,true,true
366,30,0.0,0,0.0,false,true,true,true,true,true,true,true,true,true,true,true,true,true,true,true,true,true,true,true,true,true,true,true,true,true,true,true,true,true
367,30,0.0,0,0.0,true,false,false,true,true,true,true,true,false,false,true,false,true,true,true,true,true,true,true,true,true,true,false,true,false,false,true,true,false,true
368,30,0.0,0,0.0,true,false,true,true,false,true,false,true,true,true,false,true,true,true,false,false,true,true,true,true,true,false,true,true,false,false,true,true,true,true
369,30,0.0,0,0.0,false,true,false,true,false,true,false,false,false,true,false,false,false,false,true,false,true,false,false,false,false,false,true,true,true,false,true,false,false,true
370,30,0.0,0,0.0,true,false,false,true,false,false,false,true,false,true,true,true,false,false,false,true,true,false,false,false,false,true,false,true,false,true,true,true,false,false
371,30,0.015625,0,0.0,true,true,false,true,true,true,true,true,true,false,true,true,true,true,true,true,true,true,true,true,true,true,true,true,true,true,true,true,true,true
372,30,0.0,0,0.0,true,true,true,true,true,true,true,true,true,true,true,true,true,true,false,true,true,true,true,true,true,true,true,true,true,true,true,true,true,true
373,30,0.0,0,0.0,false,true,true,true,true,true,true,true,true,true,true,false,true,false,true,false,true,true,true,true,false,true,true,true,true,true,true,true,true,false
374,30,0.0,0,0.0,true,true,true,true,true,true,true,true,true,true,true,true,true,true,true,true,true,true,true,true,true,true,false,true,true,true,true,true,true,true
375,30,0.0,0,0.0,true,true,true,true,true,true,true,true,true,true,true,true,true,true,true,true,true,true,true,true,true,false,true,true,true,true,true,true,true,true
376,30,0.0,0,0.0,true,true,false,true,true,false,true,false,false,false,true,true,true,true,true,false,true,false,false,false,true,true,true,false,false,true,true,true,true,true
377,30,0.015625,0,0.0,true,false,true,true,true,true,true,true,false,true,false,true,true,false,false,true,false,false,true,true,true,true,false,false,true,true,false,true,false,true
378,30,0.0,0,0.0,true,true,true,true,false,true,false,true,true,false,true,false,true,true,false,false,true,true,true,false,false,true,false,false,false,true,true,false,true,false
379,30,0.0,0,0.0,true,true,true,true,false,true,true,true,true,true,true,true,false,true,true,true,true,true,true,true,true,true,true,true,true,true,true,true,false,true
380,30,0.0,0,0.0,true,true,false,true,true,true,true,true,true,true,true,true,true,true,true,true,true,true,true,true,true,true,true,true,true,true,true,true,true,true
381,30,0.0,0,0.0,true,false,true,false,true,true,false,false,true,false,true,false,true,true,true,true,false,true,false,true,true,true,false,false,true,false,false,true,true,false
382,30,0.0,0,0.0,false,false,false,false,false,false,false,true,true,false,false,true,true,true,true,false,true,false,false,true,false,true,false,true,true,true,false,false,true,true
383,30,0.0,0,0.0,false,false,true,true,true,false,true,true,false,false,true,false,true,true,true,false,false,false,false,false,false,false,true,true,true,true,false,false,true,false
384,30,0.015625,0,0.0,true,false,true,false,false,false,false,false,true,false,false,true,false,true,true,true,false,true,false,true,false,true,false,true,false,false,false,true,true,false
385,30,0.0,0,0.0,false,true,true,true,true,true,true,false,true,false,false,true,false,true,true,true,true,true,false,true,false,false,true,false,false,true,true,true,true,true
386,30,0.0,0,0.0,false,false,true,false,false,true,false,false,false,false,false,false,false,false,false,false,false,false,false,true,false,true,false,false,false,false,false,true,false,false
387,30,0.0,0,0.0,false,false,false,false,false,true,false,true,false,true,true,false,false,false,false,false,false,false,true,false,true,true,true,true,false,false,false,false,false,false
388,30,0.0,0,0.0,false,false,true,false,false,false,false,true,false,false,false,false,false,false,false,false,false,false,false,false,false,false,false,false,false,false,false,false,false,false
389,30,0.0,0,0.0,true,false,true,true,false,false,false,false,true,true,true,false,true,true,false,false,true,true,false,true,true,false,false,true,true,true,true,true,false,true
390,30,0.0,0,0.0,true,true,true,true,true,true,true,true,false,true,true,true,true,true,true,true,true,true,true,true,true,false,true,true,true,true,true,true,true,false
391,30,0.015625,0,0.0,true,true,true,true,true,true,true,true,true,false,true,true,true,true,true,true,true,true,true,true,false,true,true,true,true,true,true,true,true,true
392,30,0.0,0,0.0,false,true,false,false,false,true,true,false,true,true,false,false,false,false,false,true,true,false,true,false,false,true,true,false,true,true,true,true,false,false
393,30,0.0,0,0.0,true,true,false,true,false,true,false,true,true,true,false,true,true,true,true,true,false,true,true,true,false,false,true,true,true,true,true,false,true,true
394,30,0.0,0,0.0,false,false,true,true,true,false,true,false,true,true,true,true,true,false,false,false,false,true,true,true,true,true,false,false,true,true,false,true,false,false
395,30,0.0,0,0.0,false,true,true,true,false,false,true,false,true,false,false,false,false,false,false,false,false,true,true,false,true,true,true,false,true,false,false,false,true,false
396,30,0.0,0,0.0,false,false,true,false,true,false,false,true,false,true,true,true,true,true,true,true,true,true,true,true,true,false,false,false,true,true,false,false,false,false
397,30,0.0,0,0.0,false,false,false,false,false,false,false,false,false,false,false,false,false,false,false,true,false,false,true,false,true,false,true,true,true,false,false,false,false,false
398,30,0.015625,0,0.0,true,false,false,false,false,true,true,true,false,true,true,true,true,true,true,true,false,true,false,false,true,true,false,true,false,false,true,true,true,false
399,30,0.0,0,0.0,true,false,false,false,true,true,false,false,false,true,false,true,true,true,false,true,true,false,false,true,false,true,true,false,true,false,true,false,true,false
400,30,0.0,0,0.0,false,true,false,false,false,false,false,false,true,false,false,false,false,false,false,false,false,true,false,true,false,false,false,false,false,true,false,false,false,false
401,30,0.0,0,0.0,false,true,true,false,true,true,true,true,true,true,false,false,false,false,true,true,true,true,true,true,false,true,true,true,true,true,true,true,true,true
402,30,0.0,0,0.0,false,false,false,true,true,false,false,true,true,false,false,false,true,true,true,false,false,false,true,true,false,false,true,false,true,true,true,false,true,true
403,30,0.0,0,0.0,true,true,false,true,true,true,true,true,false,true,false,true,true,true,true,false,true,true,true,true,true,true,true,true,true,true,true,true,false,true
404,30,0.0,0,0.0,false,false,false,false,true,true,false,false,true,true,false,false,true,true,false,true,true,false,true,false,true,true,true,false,true,false,true,true,false,true
405,30,0.015625,0,0.0,true,true,true,true,true,true,true,true,true,true,true,true,true,true,true,true,true,true,true,true,true,true,true,true,false,true,true,true,true,true
406,30,0.0,0,0.0,true,true,false,true,true,false,false,false,false,true,false,true,true,false,true,true,false,true,false,true,true,false,true,false,true,false,true,false,false,true
407,30,0.0,0,0.0,true,true,false,true,false,true,true,true,true,false,true,true,true,true,true,true,true,false,true,false,true,true,false,true,true,true,true,true,true,true
408,30,0.0,0,0.0,true,true,true,true,false,false,true,true,true,true,false,true,true,true,true,true,true,true,false,true,true,true,true,true,true,true,true,true,true,true
409,30,0.0,0,0.0,true,false,false,false,false,true,true,false,false,true,true,true,true,false,true,true,true,true,true,true,true,true,true,false,false,true,true,true,true,false
410,30,0.0,0,0.0,false,false,false,false,false,false,false,false,false,true,false,false,false,false,false,false,false,false,false,false,false,false,false,false,false,false,false,false,false,false
411,30,0.0,0,0.0,false,true,false,false,true,true,false,false,true,true,true,true,true,true,false,true,false,false,false,true,true,false,true,false,true,false,false,false,false,true
412,30,0.015625,0,0.0,false,false,false,false,true,true,false,false,false,false,false,true,true,false,false,false,true,true,false,false,true,false,false,false,true,false,false,false,false,false
413,30,0.0,0,0.0,true,false,true,true,true,true,false,true,true,true,true,false,false,false,true,false,false,false,true,false,true,true,true,true,false,true,true,false,true,false
414,30,0.0,0,0.0,false,true,true,true,true,false,false,false,true,false,true,false,false,false,false,true,true,true,true,false,false,false,false,true,true,false,false,false,true,false
415,30,0.0,0,0.0,false,false,false,false,false,false,false,false,false,false,false,true,false,false,false,false,false,false,false,true,false,false,false,false,false,false,true,false,false,false
416,30,0.0,0,0.0,true,false,true,true,false,true,true,true,true,true,true,true,true,true,false,true,true,true,false,false,true,true,true,false,true,true,true,false,false,true
417,30,0.0,0,0.0,false,false,true,true,true,true,false,false,false,true,true,false,false,false,true,true,true,true,true,false,true,true,false,true,true,false,false,false,false,true
418,30,0.0,0,0.0,true,false,true,false,true,false,false,false,true,false,false,true,false,false,false,false,false,false,false,false,true,false,false,true,true,false,true,false,false,false
419,30,0.0,0,0.0,true,false,true,true,true,false,true,true,true,true,true,false,false,false,false,false,false,false,false,true,true,true,false,true,true,false,true,true,true,true
420,30,0.0,0,0.0,false,true,false,true,false,true,false,false,false,false,true,false,false,false,false,true,true,true,true,true,true,true,false,true,true,false,true,false,true,true
421,30,0.0,0,0.0,true,true,true,true,true,true,false,true,true,true,true,true,true,true,true,true,false,false,false,true,true,true,false,false,true,true,true,true,false,true
422,30,0.0,0,0.0,true,true,false,true,false,false,false,true,true,false,true,false,true,true,true,true,true,true,true,true,true,false,false,false,true,true,true,true,true,false
423,30,0.0,0,0.0,false,false,false,false,false,false,false,false,false,false,false,false,false,false,false,false,false,false,true,false,false,false,false,false,false,false,true,false,true,false
424,30,0.0,0,0.0,true,true,false,true,true,false,true,true,true,false,true,true,false,true,true,false,false,true,true,true,false,false,true,false,true,true,false,true,true,true
425,30,0.0,0,0.0,false,false,false,true,true,true,true,true,false,true,false,false,true,false,false,true,true,false,true,false,true,false,true,true,false,true,true,false,false,true
426,30,0.015625,0,0.0,true,true,false,true,false,false,true,false,false,true,true,true,true,true,true,false,false,true,false,false,true,true,false,true,true,false,false,true,true,false
427,30,0.0,0,0.0,false,false,false,false,false,true,true,true,true,false,false,true,true,true,false,false,true,false,false,false,false,false,true,true,true,true,false,false,true,false
428,30,0.0,0,0.0,true,false,false,true,false,true,false,false,true,true,true,true,true,true,false,true,false,false,true,true,true,true,true,true,true,true,true,true,true,true
429,30,0.0,0,0.0,true,true,true,true,true,true,true,true,true,true,false,false,false,true,true,false,true,false,true,true,true,true,true,false,true,false,true,true,true,true
430,30,0.0,0,0.0,false,false,false,false,false,false,false,false,true,false,false,false,false,false,false,true,false,false,false,false,false,false,false,false,true,false,false,false,false,true
431,30,0.0,0,0.0,false,true,true,false,false,false,true,true,true,false,true,true,true,true,true,true,false,true,true,false,true,false,true,true,false,true,true,false,true,false
432,30,0.0,0,0.0,false,false,false,false,false,false,false,false,false,false,false,false,false,false,false,false,false,false,false,false,false,true,false,false,false,false,false,false,false,false
433,30,0.0,0,0.0,true,false,true,true,true,false,false,true,true,true,true,true,true,false,true,true,true,false,true,true,true,false,true,true,false,true,true,true,false,true
434,30,0.0,0,0.0,false,false,false,false,true,false,true,true,false,false,true,false,false,true,false,false,false,true,false,false,false,false,false,false,false,false,false,false,false,false
435,30,0.0,0,0.0,false,true,false,true,false,true,true,true,true,true,true,true,false,false,true,false,false,true,true,false,false,false,false,true,false,false,true,false,true,false
436,30,0.0,0,0.0,true,true,true,true,false,true,false,true,true,true,true,false,true,true,true,true,true,false,true,false,true,false,true,true,true,true,false,false,false,true
437,30,0.0,0,0.0,false,false,true,true,false,true,false,true,true,true,true,true,true,false,true,true,false,true,false,false,false,true,true,true,true,true,false,true,false,true
438,30,0.0,0,0.0,true,true,true,true,true,true,true,true,true,true,true,true,true,true,true,true,true,true,true,true,true,true,true,true,false,true,true,true,true,true
439,30,0.0,0,0.0,true,true,true,true,true,true,true,true,false,true,true,true,true,true,true,true,false,true,false,true,true,true,true,true,true,true,true,true,true,true
440,30,0.0,0,0.0,true,true,false,false,false,false,false,false,false,true,false,false,false,true,false,false,true,false,true,true,true,true,false,true,false,false,true,false,true,true
441,30,0.0,0,0.0,false,false,false,false,false,false,false,false,false,true,false,false,false,false,false,false,false,false,false,false,false,false,false,false,true,false,false,false,false,false
442,30,0.0,0,0.0,true,true,false,true,false,true,true,false,false,false,true,true,true,true,false,true,false,true,true,true,true,false,true,true,true,false,true,true,true,true
443,30,0.0,0,0.0,true,false,false,true,true,true,false,true,true,false,true,true,true,false,false,true,true,true,false,true,true,false,true,false,false,true,true,true,true,true
444,30,0.0,0,7.033008252063015E-5,false,true,true,true,true,true,true,true,true,true,true,true,true,true,true,true,true,true,true,true,false,false,true,true,true,true,true,true,true,true
445,30,0.0,0,0.0,false,false,true,false,true,false,true,true,false,true,true,false,true,false,true,false,true,false,true,false,true,false,false,true,false,false,true,true,false,true
446,30,0.0,0,0.0,true,true,true,true,true,false,true,true,true,true,true,true,true,true,true,true,false,true,true,true,true,true,true,true,false,true,true,true,true,false
447,30,0.0,0,0.0,true,false,false,false,false,true,false,false,false,false,false,false,false,false,false,false,false,true,false,false,false,false,true,false,false,false,false,false,false,true
448,30,0.015625,0,0.0,false,false,false,true,false,false,false,true,false,true,true,true,false,true,false,false,false,false,true,false,false,true,false,false,false,true,true,true,true,true
449,30,0.0,0,0.0,true,true,true,false,false,false,false,false,true,false,true,false,true,true,false,false,false,false,true,false,false,true,false,false,false,false,false,true,false,false
450,30,0.0,0,0.0,true,false,false,false,false,false,true,true,true,false,false,false,false,true,false,true,true,false,false,false,true,false,true,false,false,false,false,false,false,false
451,30,0.0,0,0.0,false,true,true,false,false,true,true,false,true,false,false,true,false,true,false,true,false,false,false,false,true,false,false,false,false,false,true,false,false,true
452,30,0.0,0,0.0,false,false,true,false,false,true,true,true,true,true,true,true,false,false,false,false,true,true,true,false,true,false,false,true,true,true,true,false,true,true
453,30,0.0,0,0.0,false,true,false,true,false,true,false,true,false,false,true,true,false,false,true,false,false,false,true,true,true,false,true,true,true,false,true,true,true,false
454,30,0.015625,0,0.0,false,false,true,true,true,false,true,false,true,false,true,true,false,false,false,true,true,false,false,true,true,false,false,false,false,false,true,true,true,false
455,30,0.0,0,0.0,true,false,false,false,false,false,false,false,false,false,true,true,false,true,true,false,false,false,false,false,false,false,false,false,false,false,true,false,false,false
456,30,0.0,0,0.0,false,false,true,false,false,true,true,false,false,true,false,true,false,false,false,false,false,false,false,false,true,false,false,false,false,false,false,false,false,false
457,30,0.0,0,0.0,false,true,true,true,true,false,true,true,true,true,true,false,false,true,false,true,true,false,false,true,false,false,true,false,false,true,true,false,true,true
458,30,0.0,0,0.0,false,true,true,false,false,false,false,false,false,false,false,false,false,false,false,true,false,true,true,false,false,true,false,false,true,false,false,false,false,false
459,30,0.0,0,0.0,true,false,true,false,false,true,true,true,true,false,false,true,true,true,true,true,true,true,true,true,true,true,false,false,true,true,true,false,true,true
460,30,0.0,0,0.0,true,true,true,true,true,true,true,true,true,true,true,true,true,false,true,true,true,true,true,true,true,true,false,true,true,true,true,true,true,true
461,30,0.0,0,0.0,true,false,true,true,false,true,false,false,true,false,false,false,false,true,true,false,false,true,true,false,false,true,true,false,true,true,true,false,false,true
462,30,0.0,0,0.0,false,true,false,false,true,true,false,true,false,true,true,true,false,true,true,true,true,false,true,true,true,true,false,false,true,true,true,false,true,true
463,30,0.0,0,1.0777023386140747E-4,false,true,false,false,true,true,true,true,true,true,false,true,true,false,true,true,true,true,false,true,false,false,true,false,true,false,false,false,true,true
464,30,0.0,0,0.0,true,true,false,true,true,true,true,true,true,true,false,true,true,true,true,true,false,true,false,true,false,false,false,false,false,false,false,false,true,true
465,30,0.0,0,0.0,true,false,true,true,true,true,false,true,true,true,true,true,true,true,true,true,true,true,false,true,true,false,false,false,true,true,false,false,true,false
466,30,0.0,0,0.0,true,true,true,true,true,true,true,true,true,true,true,true,true,true,true,true,true,true,true,true,true,true,true,true,true,true,true,true,false,true
467,30,0.0,0,0.0,false,true,false,true,true,true,true,true,true,true,true,true,true,true,true,true,true,true,true,true,true,false,true,true,true,true,true,false,false,false
468,30,0.015625,0,0.0,true,true,true,false,false,false,true,true,false,true,true,true,false,false,true,false,true,false,false,true,true,false,false,false,false,true,false,false,true,false
469,30,0.0,0,0.0,true,true,true,true,true,true,true,false,false,true,true,true,false,false,true,false,true,true,true,true,true,false,false,true,true,true,false,true,true,true
470,30,0.0,0,0.0,true,true,true,false,false,true,false,false,true,true,false,false,true,false,true,false,true,true,true,false,false,true,true,true,true,false,false,true,false,false
471,30,0.0,0,0.0,false,true,true,true,false,true,false,true,false,false,false,false,true,true,true,false,false,false,true,false,true,false,false,false,true,true,false,false,false,false
472,30,0.0,0,0.0,true,true,true,false,true,true,true,true,true,true,true,false,true,true,true,true,true,true,true,true,true,true,true,true,true,true,true,true,true,true
473,30,0.015625,0,0.0,false,false,false,true,true,false,false,true,true,false,false,false,false,true,false,true,false,true,false,true,true,true,false,true,true,false,false,true,false,false
474,30,0.0,0,0.0,true,true,false,true,true,false,false,false,true,false,true,true,false,false,true,true,false,true,true,true,false,false,true,true,false,true,true,true,true,false
475,30,0.0,0,0.0,true,false,false,true,true,true,false,false,true,true,false,true,true,false,false,false,true,false,true,true,true,true,true,false,true,true,true,true,true,false
476,30,0.0,0,0.0,true,true,true,true,true,true,true,false,true,true,true,true,true,true,true,true,true,true,false,true,true,false,true,false,true,true,true,true,true,true
477,30,0.0,0,0.0,false,true,false,false,true,true,false,true,true,false,false,false,true,false,false,false,false,true,false,true,false,true,true,true,false,true,true,false,true,false
478,30,0.0,0,0.0,true,false,true,true,true,true,true,false,false,true,true,true,false,false,false,false,false,false,false,true,false,false,true,false,false,false,true,false,false,true
479,30,0.015625,0,0.0,false,true,true,false,true,true,false,true,false,true,true,false,true,true,true,true,true,true,false,true,true,false,true,true,true,true,true,true,true,true
480,30,0.0,0,0.0,true,true,true,true,true,false,true,false,true,true,true,false,true,true,true,true,true,true,true,false,true,true,true,false,false,false,false,false,true,true
481,30,0.0,0,0.0,false,false,false,false,false,false,true,false,false,false,false,false,true,false,false,true,false,true,false,false,false,true,false,false,false,true,false,false,true,false
482,30,0.0,0,0.0,true,true,false,true,true,true,true,true,false,false,true,true,false,true,true,true,true,false,false,true,false,true,false,true,true,true,true,true,true,true
483,30,0.0,0,1.0451778108750751E-4,true,true,false,true,true,false,false,false,true,true,false,true,true,true,true,true,false,true,false,true,true,false,false,true,true,true,true,true,true,true
484,30,0.0,0,0.0,true,false,false,true,false,false,false,false,true,false,false,false,false,true,true,true,false,false,true,true,true,true,false,false,true,true,true,true,false,true
485,30,0.0,0,0.0,true,true,true,true,true,true,true,true,true,true,false,true,true,true,true,true,true,true,false,false,true,true,true,false,true,true,true,true,true,true
486,30,0.0,0,0.0,false,true,true,true,true,true,true,true,true,true,true,true,true,true,true,true,true,true,true,true,true,true,false,false,true,true,true,true,false,false
487,30,0.0,0,0.0,true,true,true,true,true,true,true,true,true,true,true,false,true,true,true,true,true,true,true,true,true,true,true,false,true,true,true,true,true,true
488,30,0.0,0,0.0,true,true,false,true,false,true,true,false,true,false,true,true,true,true,true,true,true,true,true,true,true,true,true,true,true,true,true,true,true,false
489,30,0.0,0,0.0,true,true,true,true,false,true,true,true,true,false,true,false,true,false,true,false,true,false,true,false,true,false,false,false,false,true,true,false,false,false
490,30,0.0,0,0.0,false,true,false,false,true,false,true,false,false,false,false,true,false,false,false,false,false,false,false,false,false,false,false,false,false,false,false,false,true,false
491,30,0.0,0,0.0,true,true,true,false,false,true,true,true,true,true,false,false,true,true,true,true,true,true,true,true,false,true,false,false,false,false,true,false,false,true
492,30,0.015625,0,0.0,true,true,true,true,true,false,true,true,true,true,true,true,true,true,true,true,true,true,true,true,true,true,true,true,true,true,true,true,false,true
493,30,0.0,0,0.0,false,true,true,true,true,true,true,true,true,false,true,false,true,true,true,false,false,false,true,false,false,true,false,true,false,false,true,true,true,true
494,30,0.0,0,0.0,false,false,false,true,false,true,true,false,false,false,false,true,false,false,true,false,true,false,false,false,false,true,true,false,false,true,false,false,true,true
495,30,0.0,0,0.0,true,false,true,true,true,true,false,true,true,true,true,true,true,true,false,false,true,false,true,false,false,true,false,true,true,true,false,true,true,true
496,30,0.0,0,0.0,true,true,true,false,false,false,false,false,false,true,false,false,false,false,false,true,false,true,false,false,true,false,true,false,false,false,false,false,false,false
497,30,0.0,0,0.0,false,false,true,false,false,false,false,false,true,false,false,false,false,false,true,true,false,false,true,true,false,false,false,false,false,true,false,false,false,false
498,30,0.0,0,0.0,true,true,true,true,true,true,true,true,true,true,true,true,true,true,true,true,false,false,false,true,true,true,false,true,false,true,true,true,false,true
499,30,0.0,0,0.0,false,false,true,false,false,false,true,true,false,false,false,true,false,true,false,false,true,false,true,false,false,false,false,true,false,true,false,true,false,false
500,30,0.0,0,0.0,true,true,true,false,false,true,false,false,false,false,false,false,false,false,false,true,false,true,false,false,false,false,true,false,true,false,false,false,false,false
