KnapsackId,NumberOfItems,CpuTime,NodesVisited,Error,Item_0,Item_1,Item_2,Item_3,Item_4,Item_5,Item_6,Item_7,Item_8,Item_9,Item_10,Item_11,Item_12,Item_13,Item_14,Item_15,Item_16,Item_17,Item_18,Item_19,Item_20,Item_21,Item_22,Item_23,Item_24,Item_25,Item_26
1,27,0.0,0,0.07282172373081464,true,false,true,true,true,false,true,true,false,true,true,true,true,false,true,true,false,true,true,true,true,true,true,true,true,true,false
2,27,0.0,0,0.015503208302829335,false,true,true,true,true,true,true,true,true,true,false,true,true,false,true,true,true,true,true,false,true,true,true,true,false,false,true
3,27,0.0,0,0.052130346569500226,false,true,true,true,false,true,true,true,true,false,true,false,true,true,false,true,true,true,true,false,true,true,true,true,true,true,true
4,27,0.0,0,0.014031300593631947,true,true,true,true,true,false,true,true,true,true,false,false,true,true,true,false,true,false,true,true,true,true,true,true,false,true,true
5,27,0.0,0,0.04232970134044054,true,true,true,true,true,false,true,true,false,true,true,false,false,true,true,true,true,true,true,true,true,false,true,true,true,false,false
6,27,0.0,0,0.03982790411800861,false,true,false,true,true,true,true,true,true,false,true,true,false,true,true,true,true,false,false,true,true,true,true,true,true,true,true
7,27,0.0,0,0.013573661945926062,true,true,true,true,true,false,false,true,true,true,true,true,false,true,false,true,true,false,true,true,false,true,true,true,false,true,true
8,27,0.0,0,0.03628709745316776,true,false,false,true,false,true,false,true,true,true,true,true,true,true,false,false,true,false,true,true,true,true,true,true,true,true,true
9,27,0.0,0,0.04678508881661246,true,true,true,false,true,true,false,false,true,true,false,true,true,true,true,false,true,true,true,true,false,true,true,true,true,false,true
10,27,0.0,0,0.00968150908601944,true,true,true,true,false,false,false,true,true,true,true,true,true,true,true,false,true,true,true,true,true,false,false,true,false,true,true
11,27,0.0,0,0.060638501242592235,true,true,true,true,true,true,true,true,true,true,false,true,true,true,true,false,false,false,true,true,false,true,true,false,true,true,true
12,27,0.0,0,0.01287984631505414,false,true,true,true,true,true,false,false,true,true,true,false,true,true,true,true,true,true,true,true,true,true,true,true,false,false,true
13,27,0.0,0,0.03601268933470354,true,true,true,true,true,true,true,false,true,true,true,true,true,true,true,false,false,true,false,true,true,true,false,true,false,true,true
14,27,0.015625,0,0.007239666638605943,true,true,true,true,false,true,true,true,true,true,true,true,false,true,true,true,false,true,true,true,true,true,true,false,false,false,true
15,27,0.0,0,0.04914106375949785,false,true,true,true,true,true,true,true,true,true,true,true,true,false,true,false,true,true,true,true,false,false,true,true,false,true,true
16,27,0.0,0,0.05396633054918423,true,true,true,true,true,false,true,false,true,false,true,true,true,true,true,true,false,true,true,true,false,false,true,true,true,true,true
17,27,0.0,0,0.031657920985298585,true,true,true,true,true,false,true,true,true,false,false,true,true,true,true,true,false,true,true,true,true,true,true,true,false,true,true
18,27,0.0,0,0.055484147386461014,true,true,true,true,false,true,true,true,false,true,true,true,true,true,true,true,false,false,true,true,true,false,false,true,true,true,true
19,27,0.0,0,0.02452316076294278,true,false,true,true,false,true,true,false,true,true,true,true,true,true,true,true,true,false,true,true,true,false,false,true,true,true,true
20,27,0.0,0,0.022852289273580326,false,true,true,false,true,true,true,true,true,true,true,true,true,true,true,true,false,true,true,true,false,true,false,true,true,true,false
21,27,0.0,0,0.045838112403735864,true,true,false,true,false,true,false,true,true,false,false,true,true,true,true,true,false,true,true,true,true,true,true,true,true,false,true
22,27,0.0,0,0.06891712497629433,true,true,true,false,false,false,true,true,true,true,false,false,true,true,true,true,false,true,false,true,true,false,true,true,true,true,true
23,27,0.0,0,0.008462683393578568,true,true,true,true,false,true,true,true,true,true,false,true,true,true,true,true,true,false,true,false,true,true,true,true,false,true,true
24,27,0.0,0,0.038449331217411016,true,false,true,true,true,true,true,false,true,true,true,false,true,true,false,true,true,true,true,true,true,false,true,true,true,true,false
25,27,0.0,0,0.01188538551799841,true,false,true,true,true,true,true,true,true,false,true,true,true,true,true,true,false,true,true,false,true,true,false,false,true,true,true
26,27,0.0,0,0.03896274269721882,true,true,true,true,true,false,false,true,false,true,true,true,true,true,true,false,true,true,true,true,true,true,false,true,false,false,true
27,27,0.0,0,0.031548544767829374,true,true,true,true,false,true,true,true,true,true,false,true,false,true,true,true,true,true,false,true,false,false,true,true,true,true,true
28,27,0.0,0,0.022453889334402566,false,true,true,true,true,true,true,true,true,true,true,false,true,true,true,false,false,false,true,false,true,true,true,false,true,true,true
29,27,0.0,0,0.021892494652041326,false,true,true,true,true,true,true,true,true,false,true,true,true,false,true,false,true,false,true,false,true,true,true,true,true,true,true
30,27,0.0,0,0.013198053287140146,true,true,true,false,false,true,true,true,false,true,false,true,true,true,true,true,true,true,true,true,true,false,false,true,true,true,true
31,27,0.0,0,0.02974600263168388,false,true,true,false,true,true,true,true,true,false,true,true,true,true,true,true,false,true,true,true,false,true,true,true,false,true,true
32,27,0.0,0,0.05966823471156227,true,true,true,true,true,true,false,true,true,true,true,true,false,true,true,true,false,true,false,true,false,true,true,true,false,true,true
33,27,0.0,0,0.02850581993823739,true,false,true,false,true,true,true,true,true,true,false,true,true,true,false,true,true,false,true,true,false,true,true,true,true,true,true
34,27,0.0,0,0.02459995223310246,false,true,false,true,true,true,true,true,false,false,true,true,true,false,true,true,true,true,true,false,true,true,true,true,true,true,true
35,27,0.0,0,0.06120559990743955,false,true,false,true,true,false,true,false,true,true,true,true,true,true,true,false,true,true,true,true,false,true,true,true,false,true,true
36,27,0.0,0,0.007133455054987049,true,false,true,true,false,false,true,true,true,false,true,false,true,true,true,true,true,true,true,true,true,true,true,false,true,true,true
37,27,0.0,0,0.002812079716346742,true,false,true,true,true,true,true,true,true,true,true,true,true,false,false,true,true,true,false,true,false,true,true,true,true,false,true
38,27,0.0,0,0.04213254923201919,true,true,false,false,true,true,true,true,true,false,true,true,true,true,true,true,true,false,true,false,true,true,false,true,true,false,true
39,27,0.0,0,0.06896990250105978,false,true,true,true,false,true,false,true,true,false,true,true,true,true,false,true,true,true,true,true,true,true,true,true,true,false,true
40,27,0.0,0,0.027915125559665174,true,true,true,true,true,true,false,true,true,true,false,true,false,true,true,false,true,true,true,true,true,true,true,false,true,false,true
41,27,0.0,0,0.016155939942049346,true,true,true,true,true,false,true,false,true,true,true,true,true,false,true,true,false,true,true,false,false,true,true,true,true,true,true
42,27,0.0,0,0.07307836520434946,true,true,true,false,true,true,false,true,true,false,true,true,true,true,true,true,true,false,true,true,true,true,false,true,false,true,false
43,27,0.0,0,0.07040853217642805,true,false,true,true,true,true,false,true,true,false,true,true,true,true,true,true,true,true,false,false,true,true,true,false,true,true,true
44,27,0.0,0,0.02231443783275916,false,true,true,true,false,true,true,false,true,true,true,true,true,true,false,true,true,true,false,true,true,true,true,false,true,false,true
45,27,0.0,0,0.0050481695568400774,true,true,false,true,true,true,true,true,true,true,true,true,true,true,false,true,true,true,false,false,true,false,true,true,false,true,true
46,27,0.0,0,0.03983058098742192,true,true,true,true,false,false,true,false,true,true,true,true,true,true,true,true,true,true,true,false,false,true,true,false,true,true,true
47,27,0.0,0,0.053511568964107595,true,true,true,true,true,true,true,false,true,true,true,true,true,false,false,true,false,true,false,true,true,false,true,true,true,true,false
48,27,0.0,0,0.008012274122059324,true,true,true,true,false,true,true,true,true,true,true,true,true,false,true,true,true,true,false,true,false,true,true,true,false,true,true
49,27,0.0,0,0.004674700862031994,true,true,false,true,true,true,true,true,true,false,false,true,true,true,true,true,true,true,true,true,true,true,true,true,false,false,false
50,27,0.0,0,0.030959511493135233,true,true,true,false,true,true,true,false,true,true,true,true,true,true,true,true,false,false,true,true,true,true,false,false,true,true,false
51,27,0.0,0,0.06524816420419358,false,true,true,true,false,true,true,true,true,true,true,true,true,false,true,true,true,true,true,false,true,true,false,false,false,true,true
52,27,0.0,0,0.02789867688022284,false,true,false,true,false,true,true,true,true,true,false,true,false,true,true,true,true,true,true,true,false,true,true,true,true,true,true
53,27,0.0,0,0.0029195279411159997,true,false,true,true,false,true,true,true,true,true,true,true,false,true,true,true,true,true,true,true,false,true,false,true,true,true,true
54,27,0.0,0,0.016598639455782313,false,true,true,false,true,true,true,true,true,true,false,true,true,true,false,true,true,false,true,true,true,true,true,true,true,true,false
55,27,0.0,0,0.04315828402366864,true,true,true,true,true,true,true,true,true,true,false,true,false,true,true,true,false,true,false,false,true,true,true,true,true,true,false
56,27,0.0,0,0.036809085133418046,true,true,true,true,false,true,false,true,true,true,false,true,true,true,false,true,true,true,true,true,true,true,true,true,false,false,true
57,27,0.0,0,0.04353002809925227,true,true,true,true,true,true,true,true,true,false,false,true,true,true,true,true,true,true,false,true,false,true,true,false,false,true,true
58,27,0.0,0,0.057201762541941224,true,true,false,true,true,true,true,false,false,true,true,true,true,true,true,true,true,true,false,false,true,true,true,true,false,false,true
59,27,0.0,0,0.014168988806498842,true,true,true,true,true,false,true,true,true,false,true,true,false,true,true,true,true,true,true,true,false,true,false,true,true,true,true
60,27,0.0,0,0.0,true,true,true,true,true,true,false,true,true,false,true,true,true,false,true,true,true,true,false,true,true,true,true,true,true,false,false
61,27,0.0,0,0.0555955455815726,true,true,true,true,false,true,true,true,false,true,false,false,true,false,true,true,true,false,true,true,true,true,true,false,true,true,true
62,27,0.0,0,0.01711690731252911,true,true,true,true,true,true,false,false,false,true,true,true,true,true,true,false,true,true,true,true,true,true,false,true,true,true,false
63,27,0.0,0,0.002621231979030144,true,true,true,true,false,true,true,false,true,false,false,true,true,true,true,true,true,true,true,false,true,true,true,true,true,false,true
64,27,0.0,0,0.038019555140041295,true,true,true,true,false,true,false,true,true,true,false,true,true,true,true,true,false,true,true,true,true,false,false,true,false,true,true
65,27,0.0,0,0.07390272357887115,true,true,false,true,false,false,true,true,true,true,true,true,true,true,true,false,false,true,true,false,true,true,true,true,true,false,true
66,27,0.0,0,0.062132772077523456,false,true,false,true,true,true,true,true,false,true,true,true,true,true,false,false,true,true,true,true,true,true,true,true,true,true,false
67,27,0.0,0,0.05260180995475113,false,true,false,true,true,true,true,true,true,true,true,true,true,true,false,true,true,true,true,true,false,true,true,true,false,false,false
68,27,0.0,0,0.02534740092640247,true,false,false,true,true,true,true,true,true,true,true,false,true,false,true,true,true,true,true,false,true,true,true,true,true,false,true
69,27,0.0,0,0.0034510220334483675,true,true,true,false,true,true,true,true,true,false,true,true,true,false,true,true,false,true,true,false,true,true,true,true,true,false,true
70,27,0.0,0,0.0,true,false,false,true,true,true,true,false,true,true,true,false,true,true,true,true,true,true,true,true,true,true,true,true,false,true,true
71,27,0.0,0,0.01204769224377882,false,false,true,true,true,true,false,true,true,true,true,false,true,true,true,true,false,true,true,true,false,true,true,true,true,true,true
72,27,0.0,0,0.016522753792298717,true,true,false,false,true,true,true,false,true,true,false,true,false,true,true,true,true,true,true,true,true,true,true,true,false,true,true
73,27,0.0,0,0.002249613347705863,true,true,false,true,true,true,true,true,true,false,true,true,true,true,true,true,true,false,false,false,true,true,true,true,true,true,false
74,27,0.0,0,0.01590186278964107,true,false,true,false,true,true,true,true,true,true,true,false,true,true,true,true,false,false,true,true,true,false,true,true,true,true,true
75,27,0.0,0,0.05075855390574564,true,true,false,false,true,true,true,true,true,true,true,false,true,true,false,true,false,true,false,true,true,true,true,false,true,true,true
76,27,0.0,0,0.003458259610744732,true,true,true,true,true,true,true,true,false,true,true,true,true,true,true,true,true,false,true,true,false,true,false,false,false,true,true
77,27,0.0,0,0.06600015621338749,true,false,false,false,false,true,true,true,true,true,false,true,true,true,true,true,true,false,false,true,true,true,false,true,true,true,true
78,27,0.0,0,0.05411563657077756,true,true,true,false,true,true,false,true,false,true,true,true,true,true,false,true,true,true,true,true,true,true,true,false,false,false,true
79,27,0.0,0,0.028882633704564925,true,true,true,true,true,true,true,false,true,true,true,false,false,true,false,true,false,true,true,true,false,true,true,true,true,false,true
80,27,0.0,0,0.03347957575499425,true,true,true,true,true,true,true,false,false,true,true,true,true,true,true,true,true,true,false,true,true,true,true,false,true,false,false
81,27,0.0,0,0.009351160692314002,true,false,true,true,true,true,false,false,true,true,true,true,true,true,true,true,false,true,false,true,true,true,true,false,true,true,true
82,27,0.0,0,0.07376327136167649,true,true,false,true,true,true,true,true,true,true,false,true,true,true,false,true,true,true,false,true,true,true,true,true,true,true,false
83,27,0.0,0,0.0,false,false,false,true,true,true,true,true,true,true,true,true,true,true,true,true,true,false,true,true,true,false,true,true,true,true,true
84,27,0.0,0,0.05675823943959151,false,true,true,false,true,true,true,true,false,true,true,true,true,false,true,true,true,true,true,true,true,true,false,true,true,false,true
85,27,0.0,0,0.05976670541548082,true,true,true,true,true,true,true,false,false,true,false,false,true,true,true,true,true,true,true,false,true,true,false,true,true,true,false
86,27,0.0,0,0.040028478759591805,true,true,true,true,true,false,false,false,true,true,true,false,false,true,true,true,true,true,true,true,true,true,true,true,false,true,true
87,27,0.0,0,0.07633100867494472,false,true,true,true,true,true,false,false,true,true,true,true,true,true,true,false,true,true,false,true,true,true,false,true,true,true,true
88,27,0.0,0,0.054379788776144126,true,true,true,true,true,false,true,true,true,false,true,true,true,false,false,true,false,true,true,true,false,true,true,true,true,true,false
89,27,0.0,0,0.040570905459387484,true,true,true,false,true,false,true,true,true,true,true,true,true,true,true,false,true,true,false,true,true,true,true,false,true,false,true
90,27,0.0,0,0.06250979777394576,true,true,false,false,false,true,true,true,true,false,true,false,false,true,true,true,true,true,true,true,true,true,true,false,true,true,true
91,27,0.0,0,0.047400346620450604,true,true,true,true,true,true,true,true,true,false,true,false,true,true,true,false,false,true,false,true,true,true,true,true,true,true,true
92,27,0.0,0,0.07449155601909423,true,true,true,true,true,true,false,false,true,false,false,true,false,false,true,true,true,true,true,true,true,true,true,false,true,true,true
93,27,0.0,0,0.027682442196531792,true,true,false,false,true,true,true,false,true,false,true,true,true,true,true,true,true,true,false,true,true,true,true,false,true,true,true
94,27,0.0,0,0.03832823649337411,false,false,true,true,true,true,true,false,true,true,true,true,true,true,false,true,true,false,false,true,true,true,true,true,false,true,true
95,27,0.0,0,0.0,true,true,false,true,true,false,true,true,true,true,true,true,true,true,true,true,true,true,false,true,false,false,true,true,true,true,false
96,27,0.0,0,0.012979814310129798,false,false,true,true,true,false,true,true,false,true,true,true,true,false,true,true,true,true,true,true,true,true,true,true,true,true,true
97,27,0.0,0,0.019138160079707738,false,false,true,true,false,true,true,true,true,true,true,false,true,true,true,true,true,true,true,false,true,true,true,true,true,true,false
98,27,0.0,0,0.04170008019246191,false,true,true,false,true,false,false,true,true,true,true,true,true,true,true,true,true,false,true,true,true,true,true,true,true,false,true
99,27,0.0,0,0.02130081300813008,true,false,true,true,true,true,true,true,true,true,true,true,false,false,true,true,true,true,true,false,true,true,true,false,true,true,false
100,27,0.0,0,0.06133184553461125,true,true,true,true,true,true,true,true,true,false,true,false,true,true,true,true,true,false,false,true,false,false,true,true,false,true,true
101,27,0.0,0,0.07629792936497644,true,true,true,true,true,true,true,true,true,true,true,false,true,true,true,false,true,false,true,true,false,true,false,true,true,true,false
102,27,0.0,0,0.08269129926182889,true,true,false,true,true,true,true,false,true,true,true,true,true,true,true,false,false,false,true,true,false,true,true,true,true,true,false
103,27,0.0,0,0.025485961123110152,true,true,true,true,true,false,false,true,true,true,true,false,true,false,true,true,true,true,true,true,true,true,true,true,false,true,false
104,27,0.0,0,0.024161542151860088,true,true,false,true,true,true,true,true,true,false,true,false,true,false,true,true,true,false,false,true,true,true,true,true,true,true,true
105,27,0.0,0,0.034563181036130756,true,true,true,true,false,true,true,true,true,true,true,true,true,false,true,true,false,false,true,false,true,true,false,true,true,true,true
106,27,0.0,0,0.04553763659259861,true,true,true,true,true,true,true,true,true,false,true,true,true,true,true,false,true,false,true,true,true,true,false,false,true,false,true
107,27,0.0,0,0.0,true,true,true,true,true,true,true,true,true,true,false,false,true,true,true,false,true,true,true,true,false,true,true,false,true,false,true
108,27,0.0,0,0.04931130826920249,true,true,true,true,false,true,true,false,false,true,true,false,true,true,true,true,true,true,true,true,true,false,true,true,true,true,true
109,27,0.0,0,0.032705228202950035,true,true,true,true,true,true,false,false,true,true,false,true,false,true,true,true,true,true,false,true,true,true,true,true,false,true,true
110,27,0.0,0,0.024067872292922527,false,true,true,true,true,true,true,true,true,false,true,true,true,false,true,true,true,true,true,true,true,false,false,false,true,true,true
111,27,0.0,0,0.035353933469966896,true,true,false,false,true,true,true,true,false,true,false,true,false,false,true,true,true,true,true,true,true,true,true,true,true,true,false
112,27,0.0,0,0.01601195559350982,true,true,true,true,true,true,true,true,false,false,true,false,false,true,true,true,true,false,true,true,true,true,true,false,true,false,true
113,27,0.0,0,0.04332939787485242,true,true,true,false,true,true,true,false,true,true,true,false,true,false,true,true,true,false,true,true,true,false,true,false,true,true,true
114,27,0.0,0,0.014735638251077682,true,true,true,true,true,true,false,false,true,true,true,true,true,true,true,false,true,true,true,false,true,false,true,true,true,true,false
115,27,0.0,0,0.003258674499724619,true,false,true,false,true,false,true,true,false,true,true,true,true,true,true,true,true,false,true,true,true,true,true,true,false,true,true
116,27,0.0,0,0.05358150028200789,true,true,true,true,true,true,true,true,false,false,true,true,true,true,true,true,true,false,true,true,true,false,true,true,true,false,false
117,27,0.0,0,0.01281289775137887,true,true,false,true,true,true,true,true,true,false,true,true,true,true,false,false,true,false,false,true,true,true,true,true,true,true,true
118,27,0.0,0,0.02756162239707864,true,false,false,true,false,true,true,true,true,false,true,true,true,true,false,false,true,true,true,true,true,true,true,false,true,true,true
119,27,0.0,0,0.060406724278773805,true,true,true,true,false,false,true,false,true,true,true,true,false,true,true,true,true,true,false,false,true,true,false,true,true,true,true
120,27,0.0,0,0.05191507371094026,true,true,true,true,false,true,true,false,true,true,true,false,true,true,true,true,true,false,true,true,true,true,false,false,true,true,false
121,27,0.0,0,0.055807856173041806,true,false,true,true,true,true,true,true,true,false,true,false,true,true,false,true,true,true,true,false,true,true,true,true,true,false,true
122,27,0.0,0,0.03708904275407931,true,true,true,true,true,true,true,true,true,true,false,true,false,true,false,true,false,true,true,true,true,true,true,true,false,true,true
123,27,0.0,0,0.006640106241699867,true,true,true,true,true,true,false,true,true,true,false,false,false,false,true,true,true,true,true,true,true,true,false,true,true,true,false
124,27,0.0,0,0.06547794272257033,true,true,false,true,true,false,true,true,true,true,true,true,false,true,false,false,true,true,true,true,true,true,true,true,true,false,true
125,27,0.0,0,0.04079278091392311,true,true,true,true,true,true,false,false,true,true,true,true,true,false,false,true,true,false,false,true,true,true,true,true,true,true,true
126,27,0.0,0,0.05142734184478554,true,false,true,true,true,false,false,true,true,true,true,true,true,false,true,true,true,true,true,true,false,true,false,true,true,true,false
127,27,0.0,0,0.02201887331998856,true,false,true,true,true,true,false,false,true,false,true,true,false,true,true,false,true,true,true,true,true,true,true,true,true,true,false
128,27,0.0,0,0.07168784029038112,true,false,true,false,false,true,true,false,true,true,false,true,true,true,true,false,true,true,true,true,true,false,true,true,true,true,true
129,27,0.0,0,0.054516154390378116,false,true,true,true,true,true,true,false,true,true,true,true,false,true,true,true,true,true,true,true,false,false,true,true,false,true,false
130,27,0.0,0,0.0478494623655914,true,true,true,false,false,true,true,true,true,false,true,false,true,false,true,true,true,true,true,true,false,true,true,true,true,true,true
131,27,0.0,0,0.05071299946464204,true,true,false,true,true,false,true,true,false,true,true,true,true,false,true,true,true,true,true,true,false,false,true,true,true,false,true
132,27,0.0,0,0.008695652173913044,true,true,true,false,true,true,true,false,false,true,true,true,true,true,true,true,false,true,true,true,true,true,true,false,true,true,true
133,27,0.0,0,0.048381859508604824,true,true,true,true,false,false,true,false,true,true,false,true,true,true,false,true,true,true,true,true,true,false,false,true,true,true,true
134,27,0.0,0,0.03530544956099729,false,true,true,true,true,false,true,true,true,true,false,true,true,true,true,true,true,false,true,false,false,false,true,true,true,true,true
135,27,0.0,0,0.020025815969020838,true,true,true,true,false,true,true,false,true,false,false,true,true,true,true,true,true,false,true,true,true,true,true,false,true,true,true
136,27,0.0,0,0.05527464950586072,false,false,true,true,false,true,true,true,true,false,true,true,false,true,true,true,true,true,false,true,true,true,true,true,false,true,true
137,27,0.0,0,0.008896797153024912,true,true,true,false,false,true,true,true,false,true,true,true,false,true,true,true,true,true,true,true,true,true,false,true,true,false,true
138,27,0.0,0,0.023059123912870023,true,true,true,true,true,true,true,true,true,true,false,true,true,true,true,false,true,false,true,false,false,false,true,true,true,true,true
139,27,0.0,0,0.03704515563349408,true,false,false,false,true,true,false,true,true,true,true,true,true,false,true,true,true,true,false,false,true,true,true,true,true,true,true
140,27,0.0,0,0.051481260138307866,true,false,true,true,true,true,false,true,true,true,false,true,true,true,true,true,true,false,true,true,false,true,true,true,false,true,true
141,27,0.0,0,0.03078197004608295,true,false,false,true,true,true,false,true,true,false,true,false,true,true,true,true,true,true,true,false,false,true,true,true,true,true,true
142,27,0.0,0,0.04602350136239782,true,true,false,true,true,true,false,true,true,false,true,true,false,true,true,true,false,true,false,true,true,true,true,true,true,false,true
143,27,0.0,0,0.04025344763324636,true,true,true,true,false,true,true,true,false,true,true,false,true,false,true,false,true,false,false,true,true,true,true,true,true,true,true
144,27,0.0,0,0.009736667404292985,true,false,true,true,false,true,false,false,true,false,true,true,true,true,true,true,true,true,true,true,true,true,true,true,false,true,true
145,27,0.0,0,0.004656913249536369,true,true,true,true,false,true,true,true,true,true,true,true,false,false,true,false,true,false,true,true,true,true,false,true,true,true,true
146,27,0.0,0,0.021439012506090628,false,true,true,false,true,true,true,true,true,true,true,false,true,true,true,true,true,true,true,false,true,true,true,true,false,true,false
147,27,0.0,0,0.04940014114326041,false,false,true,true,false,true,true,true,false,true,true,false,true,true,true,true,true,true,true,true,true,true,true,true,true,false,false
148,27,0.0,0,0.06369319850627282,true,true,true,true,false,true,true,true,true,true,false,true,false,false,true,true,true,true,true,false,true,false,true,true,true,true,true
149,27,0.0,0,0.07658434719447975,true,true,true,true,true,true,false,true,true,false,false,true,true,true,true,true,true,true,true,false,false,true,true,true,true,false,true
150,27,0.0,0,0.03553526673827426,true,false,true,true,true,true,true,true,false,true,true,false,true,true,true,true,true,true,false,false,false,true,true,true,true,true,true
151,27,0.0,0,0.04661220567035079,true,false,true,true,false,true,false,true,true,true,true,true,true,true,true,true,false,false,true,true,true,true,true,true,true,true,false
152,27,0.0,0,0.007853403141361256,true,true,true,true,true,true,true,true,true,false,true,true,true,false,true,true,true,false,false,true,true,true,true,true,false,true,true
153,27,0.0,0,0.008177570093457943,true,true,true,true,true,false,true,true,true,true,true,true,true,true,true,true,false,true,true,true,false,true,false,false,false,true,true
154,27,0.0,0,0.019529139328444616,false,true,true,true,true,false,true,false,false,true,true,true,true,true,true,false,true,true,true,false,true,true,true,true,true,true,true
155,27,0.0,0,0.060843512330029964,true,true,true,false,true,true,true,true,true,true,true,false,false,true,true,true,true,true,true,false,false,true,true,true,false,false,true
156,27,0.0,0,0.04224215246636771,true,false,true,true,true,true,true,true,true,true,true,true,false,true,false,true,true,true,true,true,false,true,true,true,false,false,true
157,27,0.0,0,0.03627180899908173,true,true,false,false,true,false,false,true,true,false,true,true,true,true,true,true,true,true,false,true,true,true,true,true,true,true,true
158,27,0.0,0,0.00768079407594139,true,false,true,true,false,true,true,true,true,true,true,true,false,true,false,true,false,true,true,true,true,true,true,false,true,true,true
159,27,0.0,0,0.037241245888953375,true,false,true,true,true,true,false,false,false,true,true,true,true,true,true,true,false,true,true,false,true,true,true,true,true,true,true
160,27,0.0,0,0.021373610715303505,true,true,true,true,true,false,false,false,true,false,true,true,false,true,true,true,true,true,true,true,true,true,true,true,false,true,true
161,27,0.0,0,0.07799858938721321,true,false,true,false,false,true,true,true,true,true,false,false,true,true,true,true,true,false,false,true,true,true,true,true,true,true,true
162,27,0.0,0,0.026147141758523455,false,true,true,true,true,true,true,true,true,true,false,true,false,false,true,true,true,true,false,false,true,true,true,true,true,true,false
163,27,0.0,0,0.05860758953344432,true,false,true,true,false,true,true,false,true,false,true,true,false,true,false,true,true,true,true,true,true,true,true,true,true,true,true
164,27,0.0,0,0.03399922336799413,true,true,true,false,false,true,true,true,true,false,true,true,false,true,true,true,true,true,true,true,true,true,false,true,true,false,true
165,27,0.0,0,0.07355760015334484,true,false,true,true,true,true,false,true,true,true,false,true,true,true,true,true,true,true,true,false,true,true,true,true,false,false,true
166,27,0.0,0,0.059457111834961995,false,false,true,true,true,true,false,true,true,true,true,true,true,true,true,true,true,true,false,true,true,true,false,true,true,false,true
167,27,0.0,0,0.0543514092632273,false,true,true,true,false,true,false,true,true,true,true,true,true,true,true,true,true,true,false,false,true,false,true,true,true,false,true
168,27,0.0,0,0.0037130244647056395,true,true,true,true,false,true,false,true,true,true,true,true,true,true,false,true,true,true,true,true,true,true,true,false,true,true,false
169,27,0.0,0,0.03228531550723573,false,true,true,false,true,true,true,true,true,true,true,true,true,true,false,true,false,true,false,true,true,true,true,false,true,true,true
170,27,0.0,0,0.050307884251619917,true,true,true,true,true,false,true,true,true,true,true,true,true,true,true,false,false,false,false,false,true,true,true,true,true,true,true
171,27,0.0,0,0.013809146703623045,true,true,true,true,true,true,false,false,true,true,true,true,true,true,false,true,true,false,true,true,true,true,true,true,false,false,true
172,27,0.0,0,0.019740777666999002,true,true,true,true,true,true,true,false,false,true,true,true,true,true,false,true,false,true,false,true,true,false,true,true,false,true,true
173,27,0.0,0,0.04784630445423397,true,true,true,false,true,false,true,true,true,true,true,false,true,true,true,true,false,false,false,true,true,false,true,true,true,true,true
174,27,0.0,0,0.06859723006121651,false,true,false,true,false,true,true,true,true,true,true,true,false,true,true,true,true,true,true,true,false,false,true,true,false,true,true
175,27,0.0,0,0.00924246350522588,true,true,true,true,true,true,false,true,true,false,true,true,false,false,true,true,true,false,false,true,true,true,true,true,true,true,true
176,27,0.0,0,0.0496149169031212,false,true,true,true,false,true,true,true,true,false,true,true,true,false,false,true,true,true,false,true,true,true,true,true,false,true,true
177,27,0.0,0,0.039083672086720866,true,true,true,true,true,true,false,false,true,true,true,true,true,true,true,false,true,true,true,true,false,true,true,true,true,false,false
178,27,0.0,0,0.06131514238121678,false,true,true,true,false,true,false,true,true,true,false,true,false,true,true,true,true,true,true,false,true,false,true,true,true,true,true
179,27,0.0,0,0.007683192538511525,true,false,true,true,false,true,true,false,true,true,true,true,true,false,true,true,false,true,true,true,false,true,true,true,true,true,true
180,27,0.0,0,0.0205687978020346,true,true,true,true,true,true,false,false,true,true,true,true,true,true,false,true,true,false,true,true,true,true,true,false,true,true,false
181,27,0.0,0,0.059351994343467954,true,true,true,true,true,false,true,true,false,false,false,true,false,true,false,true,true,false,true,true,true,true,true,true,true,true,true
182,27,0.0,0,0.008414932680538556,true,true,false,true,true,true,true,true,true,true,true,true,true,true,true,true,true,true,true,false,false,false,true,false,true,true,false
183,27,0.0,0,0.04656094857087772,false,true,true,true,true,true,true,true,true,false,true,true,true,true,true,false,false,true,true,false,true,true,true,true,true,true,true
184,27,0.0,0,0.06133845604002859,true,true,true,true,true,true,true,true,false,false,true,true,true,true,true,true,true,false,true,true,false,true,false,true,true,true,true
185,27,0.0,0,0.06462087421944693,false,false,true,true,false,true,false,true,true,true,true,true,true,true,true,false,true,true,false,true,true,true,true,false,true,true,false
186,27,0.0,0,0.016739549536841116,true,true,false,true,true,true,true,true,false,true,false,true,true,true,true,true,true,true,true,true,true,false,true,true,false,false,true
187,27,0.0,0,0.029091049204330907,true,true,false,true,true,true,true,false,true,true,true,false,false,true,true,false,true,false,true,true,true,true,false,true,true,true,true
188,27,0.0,0,0.027089425888871786,true,true,true,true,true,true,true,true,false,true,true,true,true,false,true,false,true,false,true,false,false,true,true,true,true,true,true
189,27,0.0,0,0.0351421188630491,true,false,true,false,false,true,true,true,true,true,true,true,true,true,true,true,false,true,false,false,true,true,true,true,true,true,true
190,27,0.0,0,0.0493686465788394,true,false,true,true,true,true,true,true,false,true,true,true,false,true,true,true,false,false,true,true,false,true,true,true,true,true,true
191,27,0.0,0,0.040924926304505956,true,false,true,true,true,true,false,false,true,false,true,true,true,true,true,true,true,true,false,false,true,true,true,true,true,true,true
192,27,0.0,0,0.0230566534914361,false,true,true,false,true,true,true,true,false,true,false,true,false,true,true,true,true,true,true,true,true,true,true,true,true,true,true
193,27,0.0,0,0.04234348561759729,true,true,true,true,true,false,true,true,false,true,true,false,true,true,true,true,true,true,true,true,true,true,true,true,false,false,false
194,27,0.0,0,0.04572011135944791,false,true,true,true,true,true,true,false,true,true,true,true,false,true,true,false,true,true,true,false,true,false,true,true,true,false,true
195,27,0.0,0,0.043957000478739607,true,true,true,false,true,false,true,true,true,true,true,true,false,true,true,false,true,true,true,true,true,true,false,true,true,true,false
196,27,0.0,0,0.0367449865908818,true,true,false,true,false,true,true,true,true,true,true,true,true,true,true,true,true,false,true,true,false,true,true,true,true,false,false
197,27,0.0,0,0.015932914046121592,true,true,true,true,true,true,true,false,true,false,false,true,true,true,true,true,true,true,true,true,true,false,true,false,true,true,true
198,27,0.0,0,0.03766816143497758,true,true,true,false,true,false,true,true,false,true,true,false,true,true,true,true,false,false,true,true,true,true,false,true,true,true,true
199,27,0.0,0,0.014915138007886165,true,true,true,true,true,false,false,true,true,true,false,true,true,false,false,true,true,true,true,true,true,false,true,true,true,true,true
200,27,0.0,0,0.06351438671177163,false,true,false,true,true,true,true,true,true,true,true,false,true,true,true,true,false,true,true,true,false,true,true,true,true,false,false
201,27,0.0,0,0.039045815368497404,true,true,true,true,true,true,true,true,false,true,false,false,true,true,false,true,true,true,true,true,true,true,false,false,true,false,true
202,27,0.0,0,0.008033349255286813,true,true,true,false,false,false,false,true,true,true,true,true,true,true,true,true,true,true,true,true,true,false,true,true,true,true,true
203,27,0.0,0,0.038394858133536304,true,true,false,true,true,true,true,false,true,true,true,true,true,false,true,true,false,false,true,true,true,false,true,true,true,true,true
204,27,0.0,0,0.024240156334455948,true,true,false,true,false,false,true,true,true,true,true,true,true,false,true,true,false,true,true,true,true,true,true,true,true,false,true
205,27,0.0,0,0.03796583075232291,true,true,true,true,true,true,true,true,false,false,true,true,true,true,false,false,true,false,true,true,true,true,true,true,true,true,false
206,27,0.0,0,0.05247920591884564,true,true,true,true,false,false,true,true,false,false,true,true,true,true,false,false,true,true,true,true,true,true,true,true,true,true,true
207,27,0.0,0,0.037690489772634665,true,true,true,true,true,true,true,true,true,true,true,true,false,true,false,true,true,true,true,true,false,true,false,true,false,false,true
208,27,0.0,0,0.05786183060852006,true,true,true,true,true,false,true,true,false,true,true,true,true,true,false,true,true,true,true,false,true,true,true,true,false,false,false
209,27,0.0,0,0.006408564858446111,false,false,true,true,true,true,true,true,false,true,true,true,true,false,true,true,false,true,true,true,true,true,true,false,false,true,true
210,27,0.0,0,0.015522911642183732,true,true,true,true,true,true,true,true,true,true,true,true,false,true,false,true,true,true,true,false,true,true,false,true,false,true,false
211,27,0.0,0,0.016713209782516714,true,true,true,true,true,true,true,true,true,true,true,true,true,true,false,true,true,true,false,true,true,false,true,false,true,false,true
212,27,0.0,0,0.013858581218176945,true,false,true,false,true,true,true,true,true,false,true,true,true,true,true,true,false,true,false,true,true,false,true,true,true,true,true
213,27,0.0,0,0.05650574712643678,true,true,true,true,true,true,true,false,true,false,true,true,true,true,true,true,false,true,true,true,true,true,false,false,true,false,true
214,27,0.0,0,0.03492938915350547,true,false,true,true,true,true,true,true,true,true,true,true,true,true,false,true,false,true,true,true,true,true,false,false,false,true,true
215,27,0.0,0,0.0657967032967033,true,true,true,true,false,true,true,true,true,true,true,false,true,false,true,true,false,true,true,true,true,true,false,true,false,true,true
216,27,0.0,0,0.04756490430168656,true,true,true,true,true,true,false,true,true,true,false,true,true,true,true,true,false,true,true,true,true,true,false,true,true,true,false
217,27,0.0,0,0.034167981913577616,true,true,false,true,true,true,false,true,false,false,true,false,true,true,true,false,true,true,true,true,true,true,true,true,true,true,true
218,27,0.0,0,0.02149278695379469,true,true,true,false,false,true,true,false,true,true,true,false,true,true,true,true,true,true,true,true,true,true,true,true,true,false,false
219,27,0.0,0,0.08105582807755198,true,false,true,true,true,false,true,true,true,false,true,true,true,false,false,true,false,true,true,true,true,true,true,true,true,true,true
220,27,0.0,0,0.06987565182511031,true,true,true,true,false,false,true,true,true,true,true,false,true,false,false,true,true,true,true,true,true,true,true,false,false,true,true
221,27,0.0,0,0.0,false,true,true,false,true,true,true,true,true,false,true,true,true,true,false,true,true,false,true,true,true,true,true,false,true,true,true
222,27,0.0,0,0.056477805846264884,true,true,true,true,true,false,true,false,false,true,true,true,true,false,false,false,true,true,false,true,true,true,true,true,true,true,true
223,27,0.0,0,0.03289175210960893,true,true,false,true,true,true,true,false,false,false,true,true,true,true,true,false,true,true,true,true,false,true,true,true,true,true,true
224,27,0.0,0,0.0563651748777736,false,true,true,false,true,true,true,true,true,false,true,true,false,true,true,true,true,true,true,true,true,true,true,false,true,true,false
225,27,0.0,0,0.04423092194076074,false,false,true,true,true,false,true,true,true,true,true,true,true,true,true,true,true,false,false,true,true,true,true,false,true,true,true
226,27,0.0,0,0.047807846572311095,true,false,true,true,true,true,true,true,true,true,true,false,false,true,true,false,true,true,true,true,true,true,true,true,false,true,false
227,27,0.0,0,0.055298757474237736,true,true,true,false,true,false,false,true,true,true,true,true,true,false,true,false,true,true,true,true,true,false,true,true,true,true,true
228,27,0.0,0,0.04202044706290071,true,true,false,false,true,false,true,true,false,true,false,true,true,true,true,true,false,true,true,true,true,false,true,true,true,true,true
229,27,0.0,0,0.005066155132556195,true,true,true,true,true,true,true,true,false,false,false,true,false,true,true,true,true,false,true,true,true,true,true,true,true,true,true
230,27,0.0,0,0.046850455545083255,true,false,true,true,true,true,true,true,true,true,true,true,true,true,false,false,true,true,true,true,false,false,true,true,true,true,false
231,27,0.0,0,0.0,false,false,true,true,true,true,true,true,true,true,true,true,true,true,true,true,false,true,true,true,false,true,true,true,true,true,true
232,27,0.0,0,0.02560802985458757,true,true,true,true,true,false,true,true,true,true,true,false,false,true,true,true,false,true,true,true,false,true,true,true,true,false,true
233,27,0.0,0,0.058574945797964205,true,true,true,true,true,true,true,true,false,true,true,true,false,false,true,false,true,true,true,true,false,true,true,false,true,false,true
234,27,0.0,0,0.030826092085086305,true,false,false,true,false,true,true,true,true,true,true,true,true,true,true,false,true,true,true,false,true,true,true,false,true,true,true
235,27,0.0,0,0.004316014468924696,false,true,true,true,false,true,true,true,false,true,false,false,true,true,true,true,false,true,true,true,true,true,true,true,true,true,true
236,27,0.0,0,0.06495426037630328,true,true,true,true,true,false,true,true,false,false,false,false,true,true,true,true,true,true,true,true,false,false,true,true,true,true,true
237,27,0.0,0,0.03718326035460484,false,true,true,true,true,false,true,true,false,true,true,true,true,true,true,true,true,false,true,true,false,false,true,true,true,true,false
238,27,0.0,0,0.06761424544407829,false,false,true,true,true,true,true,true,true,true,true,true,true,true,true,true,true,false,true,false,false,true,true,true,true,false,false
239,27,0.0,0,0.06419667289232507,true,true,true,true,true,true,true,false,true,true,false,true,true,true,true,true,true,true,true,false,false,true,false,true,false,true,true
240,27,0.0,0,0.06422252466825451,true,true,true,true,false,true,true,true,false,false,true,true,true,true,true,false,true,false,true,true,true,false,true,true,true,true,false
241,27,0.0,0,0.013031674208144797,true,true,true,false,true,true,true,false,false,true,true,true,true,true,true,true,true,false,true,true,true,true,false,true,true,true,true
242,27,0.0,0,0.03461556526231741,true,true,true,true,true,false,true,true,true,true,false,true,false,true,true,true,false,true,true,true,false,true,true,true,true,true,true
243,27,0.0,0,0.0652165588021292,true,true,false,true,true,true,false,false,true,true,false,true,true,true,true,false,true,false,true,true,true,false,true,true,true,true,true
244,27,0.0,0,0.038202247191011236,true,true,true,true,true,true,true,false,true,true,false,false,true,true,true,true,false,false,true,true,true,true,true,true,false,true,true
245,27,0.0,0,0.004786299218487081,true,true,true,true,true,true,true,false,true,true,false,true,true,true,true,true,true,false,true,true,false,true,true,true,false,false,true
246,27,0.0,0,0.03256586571892142,true,true,false,true,true,true,true,true,true,true,true,false,true,true,true,true,true,false,true,false,false,true,true,true,true,false,true
247,27,0.0,0,0.06223522732235664,true,true,true,true,false,true,true,false,true,true,true,true,false,true,true,true,false,true,false,false,true,true,true,true,true,true,true
248,27,0.0,0,0.04126808443355206,false,true,true,true,false,false,true,true,true,false,true,true,false,true,true,true,true,false,true,true,true,true,true,true,true,false,true
249,27,0.0,0,0.020469811995707302,true,true,true,true,true,true,true,false,true,true,false,false,true,false,true,true,true,true,true,true,true,false,true,true,false,false,true
250,27,0.0,0,0.03920151022211511,false,true,true,true,true,true,true,true,true,true,true,true,true,true,true,true,true,true,false,true,false,true,false,true,true,false,false
251,27,0.0,0,0.06633418660075911,true,true,true,true,true,true,false,true,true,true,true,true,false,false,true,false,true,true,true,false,false,true,true,true,true,true,true
252,27,0.0,0,0.06339980327282482,true,true,true,true,true,true,true,true,true,false,true,true,false,true,true,false,true,true,true,false,false,true,false,true,true,true,true
253,27,0.0,0,0.06302774427020506,true,true,true,true,true,false,true,true,false,true,true,true,true,true,true,false,true,true,true,true,true,false,true,false,true,false,true
254,27,0.0,0,0.0,true,false,true,false,true,true,true,false,true,true,true,true,false,true,true,true,true,true,true,true,true,true,false,true,true,true,false
255,27,0.0,0,0.07080873143675076,false,true,true,true,true,true,true,true,false,true,false,true,true,true,true,true,false,false,true,false,true,true,true,true,true,true,true
256,27,0.0,0,0.07128538600694274,false,true,true,true,true,true,true,true,true,true,false,false,false,true,true,true,false,true,false,true,true,true,true,true,true,true,true
257,27,0.0,0,0.04001489696267483,false,true,false,false,false,false,true,false,true,true,true,true,true,true,true,true,true,true,true,true,true,true,true,true,true,false,true
258,27,0.0,0,0.023843091723337203,true,false,true,true,true,true,true,true,true,false,false,false,true,true,true,false,true,true,true,true,true,false,true,true,true,true,true
259,27,0.0,0,0.07308570741675682,true,true,true,true,true,true,true,true,false,true,true,false,false,true,true,true,true,false,true,true,true,true,true,true,false,false,true
260,27,0.0,0,0.03901283316880553,true,true,false,false,false,true,false,false,true,true,true,true,true,true,true,true,true,false,true,true,true,true,true,true,true,true,false
261,27,0.0,0,0.04623481383109537,false,true,false,true,true,true,true,false,true,true,true,true,true,true,false,true,true,false,true,true,true,true,true,true,true,true,true
262,27,0.0,0,0.032168735865602066,true,true,true,false,true,true,true,true,true,false,true,false,true,true,true,true,true,true,true,true,true,true,true,true,true,false,false
263,27,0.0,0,0.00725015194929235,true,true,true,true,true,true,true,true,false,false,false,true,true,true,true,true,true,true,true,true,false,false,true,true,true,true,true
264,27,0.0,0,0.03027932446735079,false,true,false,true,true,true,false,true,true,true,true,true,true,true,true,false,true,true,true,true,true,true,true,false,true,true,true
265,27,0.0,0,0.020435579075921025,true,true,true,true,true,true,true,true,false,true,false,true,true,true,true,false,false,true,true,true,true,true,false,false,true,true,false
266,27,0.0,0,0.029173280707023037,true,true,false,false,true,false,true,true,true,true,true,true,true,true,true,false,true,true,false,true,true,true,true,true,true,false,true
267,27,0.0,0,0.024156509450627098,true,true,true,false,true,true,false,true,false,true,true,true,true,true,true,true,true,true,true,false,true,true,false,true,false,true,true
268,27,0.0,0,0.0,false,false,true,true,true,true,true,true,true,true,true,true,false,false,true,true,true,false,true,true,true,true,true,true,true,false,true
269,27,0.0,0,0.03771802039450372,false,false,true,true,true,true,true,true,true,true,false,true,true,true,true,false,true,true,false,true,true,true,true,true,true,false,true
270,27,0.0,0,0.08108750415894292,true,true,true,true,true,false,false,true,false,true,true,true,true,true,true,true,true,true,true,false,false,false,true,true,true,true,true
271,27,0.0,0,0.021412218880459667,true,true,true,true,true,true,true,true,true,true,true,true,true,true,false,true,true,true,false,false,true,false,false,true,true,false,true
272,27,0.0,0,0.07093803342463578,true,false,true,false,true,false,true,false,true,true,true,true,true,true,false,true,true,false,true,true,true,false,true,true,true,true,true
273,27,0.0,0,0.0535883654758141,true,false,true,true,true,true,true,false,true,true,true,true,true,true,false,false,true,true,true,true,true,false,true,false,true,true,true
274,27,0.0,0,0.0474381700008441,false,true,true,true,true,true,true,true,false,true,true,false,true,true,false,true,true,true,false,true,false,true,true,true,true,true,true
275,27,0.0,0,0.03961460530124468,true,true,true,true,false,true,true,true,true,false,true,false,false,true,true,true,false,true,true,true,true,true,false,true,false,true,true
276,27,0.0,0,0.04740810154619415,true,false,false,true,true,true,true,true,true,false,true,true,true,false,false,false,true,true,true,true,true,true,true,true,true,true,true
277,27,0.0,0,0.03748003113095482,true,false,true,true,true,true,false,true,true,false,true,true,true,true,false,true,true,false,true,true,true,true,true,true,true,false,true
278,27,0.0,0,0.01482819257639846,false,true,true,true,true,true,true,true,false,false,true,true,true,true,true,true,true,true,true,false,true,true,true,true,true,true,false
279,27,0.0,0,0.057672254752546726,true,true,true,false,true,true,true,true,true,true,true,false,true,true,true,true,true,true,false,true,false,true,true,true,false,false,false
280,27,0.0,0,0.014157391134544034,true,true,true,true,true,true,false,true,true,true,true,true,true,true,true,true,true,true,false,false,true,true,true,false,false,true,true
281,27,0.0,0,0.01162313126334812,true,false,true,true,true,false,true,false,true,false,true,true,true,true,true,false,true,true,true,true,true,true,false,true,true,true,true
282,27,0.0,0,0.013413316442490405,true,false,true,true,true,false,true,true,true,false,false,true,true,true,false,true,true,true,false,true,true,true,true,false,true,true,true
283,27,0.0,0,0.0581463874592386,true,true,false,true,true,true,true,true,true,false,true,true,true,true,true,false,true,true,true,true,false,true,false,false,true,false,true
284,27,0.0,0,0.03708784927059039,true,true,false,true,true,false,true,false,false,true,true,true,true,true,true,true,true,true,true,true,true,true,true,true,false,true,false
285,27,0.0,0,0.03398323163169122,false,true,true,true,false,true,true,true,true,true,true,false,true,true,true,true,true,true,true,true,true,true,true,true,false,false,true
286,27,0.0,0,0.014212034383954155,false,false,true,true,true,false,true,true,true,false,true,false,true,true,true,true,true,true,true,false,true,true,true,false,true,true,true
287,27,0.0,0,0.012469868347858334,true,true,true,true,false,true,true,true,true,false,false,true,true,true,true,true,false,true,false,true,true,true,true,true,true,true,true
288,27,0.0,0,0.062120970315991064,true,false,true,true,true,true,true,true,true,true,false,true,true,false,true,true,true,false,true,true,false,true,true,false,true,true,true
289,27,0.0,0,0.060187510463753556,true,true,false,true,true,true,true,true,false,false,false,true,true,true,true,true,true,true,false,true,true,false,true,false,false,true,true
290,27,0.0,0,0.024913380630259035,true,true,false,true,true,true,true,true,false,true,true,false,false,true,true,false,true,true,true,true,true,true,false,true,false,true,true
291,27,0.0,0,0.028938906752411574,true,false,true,true,true,true,false,true,true,true,true,true,true,true,false,true,false,true,true,false,true,false,false,true,true,true,true
292,27,0.0,0,0.021620213597290962,true,true,true,true,true,true,true,true,true,true,true,true,false,false,false,true,true,true,false,true,true,false,false,true,true,true,false
293,27,0.0,0,0.031099195710455763,true,true,false,true,true,true,true,false,true,true,true,false,true,false,true,true,true,false,true,true,true,true,true,true,true,true,false
294,27,0.0,0,0.04543181060353451,true,true,true,true,true,false,true,false,true,false,true,true,false,true,true,true,false,true,true,true,true,true,true,true,true,false,true
295,27,0.0,0,0.011732995084826383,true,true,true,true,true,false,false,true,true,true,true,true,true,true,false,true,true,false,true,false,true,true,true,true,true,true,false
296,27,0.0,0,0.05658345193676193,true,true,false,true,true,true,true,true,true,true,true,true,true,true,false,true,false,false,true,true,true,false,false,true,true,true,false
297,27,0.0,0,0.013689856696821712,true,true,true,true,false,true,true,true,true,true,true,false,false,true,true,true,false,false,true,false,true,true,true,true,true,true,false
298,27,0.0,0,0.010821233227088499,true,true,false,true,true,true,false,true,true,true,true,false,true,false,true,false,true,true,true,false,true,true,true,true,true,true,true
299,27,0.0,0,0.024816095010192326,true,true,true,true,true,true,true,false,true,false,true,false,true,true,true,true,true,true,true,false,true,true,true,true,false,true,false
300,27,0.0,0,0.017424597593373965,true,true,false,true,true,true,true,true,true,true,true,true,false,true,true,false,true,true,false,false,true,false,true,true,true,true,true
301,27,0.0,0,0.06513320032859993,true,true,true,true,false,true,true,true,true,false,true,true,false,false,true,false,true,true,false,false,true,true,true,true,true,true,true
302,27,0.0,0,0.0266514372739387,false,true,true,true,false,true,true,false,false,true,true,true,true,false,true,true,true,true,true,true,true,false,true,true,true,true,true
303,27,0.0,0,0.04019493334407346,true,true,false,true,true,true,true,true,true,false,true,true,true,true,true,true,false,false,true,false,true,true,false,true,true,true,true
304,27,0.0,0,0.06237915090374107,true,false,true,false,true,true,true,true,true,false,true,true,true,true,true,true,true,true,false,false,true,true,true,true,true,false,true
305,27,0.0,0,0.009900548543905811,true,false,true,true,true,true,true,false,false,true,true,true,true,true,true,true,true,false,true,true,true,true,true,true,true,true,false
306,27,0.0,0,0.02362237471407777,true,false,false,true,true,true,true,false,true,true,true,true,true,false,true,true,true,true,true,true,true,true,true,true,true,false,false
307,27,0.0,0,0.027630091681667853,true,true,true,true,true,true,false,true,false,true,true,false,false,true,true,false,true,true,true,true,true,true,true,true,true,false,true
308,27,0.0,0,0.03455061321618159,true,true,true,true,true,false,false,true,true,true,false,true,true,true,true,true,true,true,false,false,true,true,true,true,true,false,true
309,27,0.0,0,0.06760618516343707,true,true,true,true,true,false,true,true,true,true,false,true,true,true,true,true,false,true,true,true,true,false,false,false,false,true,true
310,27,0.0,0,0.023219476744186045,true,true,true,true,true,false,true,true,true,false,true,true,true,false,true,true,true,true,false,true,true,true,false,true,false,true,true
311,27,0.0,0,0.027044888414417163,true,false,true,true,false,true,true,true,false,false,true,true,true,true,true,true,true,true,false,true,true,true,true,true,true,true,true
312,27,0.0,0,0.05957943925233645,true,true,true,true,true,true,true,true,true,false,true,true,false,true,true,false,false,true,false,true,true,true,true,false,true,false,true
313,27,0.0,0,0.058531290443785744,true,true,true,true,true,true,false,true,true,false,true,false,true,true,true,true,false,true,true,true,false,true,false,true,true,false,true
314,27,0.0,0,0.05499588815789474,true,true,true,true,true,true,true,true,true,true,false,true,true,true,true,true,true,false,true,false,false,true,true,true,true,false,false
315,27,0.0,0,0.019484781360242842,true,true,false,true,true,false,false,true,true,true,false,true,true,true,true,true,true,true,false,true,true,true,true,false,true,true,true
316,27,0.0,0,0.0420914172969418,true,true,true,false,true,true,true,false,true,true,true,true,true,true,true,true,true,false,true,false,true,true,true,true,true,false,true
317,27,0.0,0,0.015067686874632136,true,true,false,false,true,false,true,true,true,true,false,true,true,true,true,true,true,true,true,true,true,false,true,true,false,true,false
318,27,0.0,0,0.055057866447145415,false,true,false,true,true,true,false,true,true,true,true,false,true,true,true,true,true,true,false,true,true,true,true,true,true,false,true
319,27,0.0,0,0.016755288627060938,true,true,true,true,true,true,true,true,false,true,false,true,false,true,false,false,true,true,true,true,true,true,true,true,false,true,false
320,27,0.0,0,0.06970798008343426,false,true,true,true,true,false,true,true,false,true,true,true,false,true,true,false,true,true,false,true,true,true,true,false,true,true,true
321,27,0.0,0,0.056107134610944354,true,true,true,true,true,false,true,true,false,true,true,false,true,false,true,true,true,false,true,true,true,false,true,true,true,true,true
322,27,0.0,0,0.0021318043150659756,true,true,true,true,true,false,true,true,true,false,true,true,true,false,true,true,false,false,true,true,false,true,true,true,true,false,true
323,27,0.0,0,0.030786026200873364,false,true,true,true,false,false,true,true,true,true,true,true,true,true,false,true,true,true,true,true,true,false,true,true,false,true,true
324,27,0.0,0,0.03205894834304232,true,true,false,true,true,true,false,true,true,true,true,true,true,true,false,false,false,true,true,false,true,true,true,true,true,true,true
325,27,0.0,0,0.040803950446157845,true,true,true,true,false,true,false,true,false,true,true,true,true,true,true,true,true,false,true,false,true,true,true,true,true,false,true
326,27,0.0,0,0.04427469862071462,true,true,false,true,true,true,false,true,true,true,false,true,false,true,true,true,false,true,true,true,true,true,true,true,false,true,false
327,27,0.0,0,0.04161682966298459,false,true,true,true,true,false,true,false,false,true,true,true,true,true,false,true,true,true,true,true,false,true,false,true,true,true,true
328,27,0.0,0,0.05915903413821815,true,true,true,true,true,true,false,true,true,true,true,false,false,true,true,true,true,true,true,false,false,true,false,true,true,true,false
329,27,0.0,0,0.035754542585328467,false,true,true,true,true,true,true,true,false,true,true,true,true,true,false,true,true,true,true,true,false,true,true,false,true,false,true
330,27,0.0,0,0.020521925840284085,true,true,true,true,true,true,false,false,true,true,true,true,true,true,true,true,true,true,false,false,true,true,false,true,false,true,true
331,27,0.0,0,0.007948764534883721,true,false,true,false,true,false,true,true,true,true,false,false,true,true,true,true,true,true,true,true,true,true,true,true,true,true,true
332,27,0.0,0,0.03870731409499776,true,false,true,true,false,false,true,true,true,false,true,true,true,true,true,false,true,true,false,true,false,true,true,true,true,true,true
333,27,0.0,0,0.05699782451051487,true,true,true,true,true,true,true,true,false,true,true,true,true,true,false,false,true,false,true,true,true,true,true,true,true,false,true
334,27,0.0,0,0.0694691508285741,true,true,true,true,false,false,true,true,true,false,true,true,false,false,true,true,true,true,true,true,true,true,true,true,true,true,false
335,27,0.0,0,0.06343155567415087,false,true,true,true,true,true,true,true,true,false,true,false,true,true,true,false,true,false,true,true,false,true,false,true,true,true,true
336,27,0.0,0,0.02850116907199871,true,false,false,true,true,true,true,true,true,true,true,true,false,true,true,true,true,true,true,false,true,false,true,false,true,true,true
337,27,0.0,0,0.008879110517424273,true,false,true,true,true,true,false,true,true,true,true,false,true,false,true,true,true,true,true,true,true,true,true,true,false,true,false
338,27,0.0,0,0.059556103575832305,true,false,true,true,true,false,false,true,true,true,false,true,true,true,true,true,false,true,true,true,true,true,true,true,false,true,false
339,27,0.0,0,0.0715629377626576,true,true,true,true,true,false,false,false,true,true,true,true,true,false,true,true,true,true,true,true,true,true,true,true,false,false,false
340,27,0.0,0,0.060378939527954936,true,true,true,true,true,true,true,false,true,true,false,true,true,true,true,false,true,true,true,true,false,true,false,true,true,false,true
341,27,0.0,0,0.04531580183141583,true,true,true,true,true,false,true,true,true,false,true,false,true,true,true,true,false,false,true,true,true,true,true,false,true,true,true
342,27,0.0,0,0.051717236410215355,true,true,true,false,true,true,true,true,true,true,true,false,true,true,true,false,false,true,true,false,true,false,true,true,true,false,true
343,27,0.0,0,0.006629227716083266,true,true,true,true,false,true,true,true,true,false,false,true,true,true,true,false,false,true,true,false,true,false,true,true,true,true,true
344,27,0.0,0,0.03897809600474516,true,true,true,false,false,false,true,true,false,true,false,true,true,true,true,true,true,true,true,true,true,true,true,true,false,true,false
345,27,0.0,0,0.013191701499405607,true,true,true,true,true,true,true,false,true,true,true,true,true,false,true,true,true,false,false,false,true,true,false,true,true,true,true
346,27,0.0,0,0.02142189341896671,false,true,false,false,true,true,true,false,true,true,true,true,true,true,true,true,true,false,true,true,true,true,true,false,true,true,true
347,27,0.0,0,0.04522360049434705,true,true,true,false,false,false,false,true,true,true,true,false,true,true,true,true,true,true,false,true,true,true,true,true,true,true,true
348,27,0.0,0,0.044590294351630866,true,true,true,false,true,true,true,true,true,true,false,true,false,true,false,true,false,true,true,true,true,true,true,false,true,false,true
349,27,0.0,0,7.452798940046373E-4,false,true,true,false,false,true,true,true,false,true,true,true,false,true,true,true,true,true,true,true,true,true,false,true,true,true,true
350,27,0.0,0,0.051683044114572446,false,true,false,true,true,true,true,false,true,true,false,true,true,true,true,true,true,true,true,true,true,true,true,false,true,false,true
351,27,0.0,0,0.017091428324174634,true,false,true,true,true,true,true,true,false,true,true,true,true,true,false,true,true,true,true,true,true,false,false,true,false,true,true
352,27,0.0,0,0.02157042225494488,false,false,true,false,true,true,true,true,true,true,true,true,true,false,true,true,true,true,true,true,false,true,true,false,true,true,true
353,27,0.0,0,0.047416585681891804,true,true,true,false,true,false,true,true,true,true,true,false,true,true,true,false,true,false,true,true,true,false,true,true,true,true,false
354,27,0.0,0,0.0036716861870236105,true,false,true,false,true,true,true,false,true,true,true,false,true,true,true,true,false,false,true,true,true,true,true,true,true,true,true
355,27,0.0,0,0.01730822486845749,true,true,true,true,true,true,false,true,true,false,true,false,true,true,true,true,false,false,true,true,true,true,false,true,true,true,true
356,27,0.0,0,0.019897523484201537,true,true,true,true,true,false,true,true,true,true,true,false,false,true,true,true,false,true,true,true,false,true,true,true,true,false,true
357,27,0.0,0,0.07590160019106759,true,true,true,false,true,true,true,true,true,true,true,false,true,true,true,true,true,false,true,false,true,false,false,true,true,true,true
358,27,0.0,0,0.0,false,true,true,true,true,true,false,true,true,true,true,true,false,true,false,true,true,true,true,true,true,false,true,true,true,true,false
359,27,0.0,0,0.05406486183868517,true,false,true,true,true,true,false,true,false,true,true,false,false,false,true,true,true,true,false,true,true,true,true,true,true,true,true
360,27,0.015625,0,0.009879725085910653,true,true,true,true,true,false,true,true,true,true,true,true,false,true,true,true,true,true,false,true,true,false,true,true,true,false,true
361,27,0.0,0,0.006672550750220653,false,true,true,true,true,true,false,true,true,true,true,false,true,false,true,true,true,true,true,true,false,true,true,false,true,true,true
362,27,0.0,0,0.05344727131481841,false,false,true,true,true,true,false,false,true,false,true,true,true,true,false,true,true,false,true,true,true,true,true,true,true,true,true
363,27,0.0,0,0.059227113039884274,true,true,true,true,false,true,false,true,true,true,false,true,false,true,false,false,true,true,true,true,true,true,true,false,true,true,true
364,27,0.0,0,0.03983838078694962,true,true,true,true,false,true,true,true,false,true,true,true,true,true,false,true,true,true,true,true,false,true,false,true,true,false,true
365,27,0.0,0,0.007069109850246488,true,true,false,false,true,false,true,true,false,true,true,true,true,true,true,true,false,true,true,true,true,true,true,true,true,true,true
366,27,0.0,0,0.0,true,true,true,false,true,false,true,false,true,false,true,true,true,true,true,false,true,true,true,true,true,true,true,true,true,true,false
367,27,0.0,0,0.068811736756554,true,true,true,true,false,true,true,true,true,true,true,true,true,false,true,true,true,true,true,false,false,true,false,false,true,true,true
368,27,0.0,0,0.021172638436482084,false,true,false,true,true,true,false,true,true,true,true,true,false,true,true,true,true,false,true,true,false,true,true,true,true,true,true
369,27,0.0,0,0.0015186963838607725,true,true,false,true,true,true,true,false,true,true,false,false,true,true,true,true,true,true,true,true,false,true,true,false,true,true,true
370,27,0.0,0,0.03927993871818878,true,true,false,true,false,false,true,true,true,true,true,true,true,true,false,true,true,false,true,true,true,true,true,false,true,true,false
371,27,0.0,0,0.05999452461965662,true,false,false,true,false,true,true,true,true,false,true,true,true,true,false,true,false,true,false,true,true,true,true,false,true,true,true
372,27,0.0,0,0.04468994187613072,false,true,true,true,true,true,true,false,true,true,true,false,true,true,false,true,true,true,true,true,true,true,false,false,true,false,true
373,27,0.0,0,0.010403594705096548,true,true,true,false,true,false,false,true,true,true,false,true,true,true,false,true,true,true,true,true,true,true,true,true,false,true,true
374,27,0.0,0,0.03891583229036295,true,false,true,true,true,true,true,true,false,false,true,true,true,true,true,true,false,false,true,true,true,true,false,true,true,true,false
375,27,0.0,0,0.046659994996247185,true,true,true,true,true,true,false,false,true,true,true,true,true,true,false,true,false,true,true,true,true,true,false,false,false,true,true
376,27,0.0,0,0.0740835138694193,true,true,true,true,true,true,true,true,true,true,true,true,true,true,true,false,true,false,true,false,true,true,false,true,true,false,false
377,27,0.0,0,0.0,false,true,true,true,true,true,true,true,true,true,true,true,true,true,true,true,true,true,false,false,true,true,true,true,true,false,false
378,27,0.0,0,0.06633523419603256,true,true,true,true,true,true,true,false,false,true,true,true,true,true,false,false,false,true,true,true,true,true,true,true,false,true,false
379,27,0.0,0,0.0,false,true,true,true,true,true,false,true,false,true,true,true,true,true,true,true,true,true,true,true,true,false,false,true,true,true,true
380,27,0.0,0,0.014750625842480262,true,false,true,true,false,true,true,true,true,true,true,false,true,true,false,false,true,false,true,true,true,true,true,true,true,true,true
381,27,0.0,0,0.03265801001251564,true,true,true,false,false,true,false,true,true,false,true,true,true,false,true,true,false,true,true,true,false,true,true,true,false,true,true
382,27,0.0,0,0.05509443550436182,false,false,true,true,true,false,true,true,true,true,false,true,false,false,true,true,true,true,true,true,true,true,true,true,true,true,false
383,27,0.0,0,0.022378424903170276,false,true,true,true,true,true,false,true,true,false,true,true,true,true,false,true,true,true,true,true,false,true,true,true,true,true,true
384,27,0.0,0,0.03084187688773557,true,true,true,false,false,true,true,false,true,true,true,true,false,true,true,true,true,false,true,true,true,false,true,true,true,true,true
385,27,0.0,0,0.04610838970531063,true,true,true,false,true,true,false,true,true,true,true,true,false,true,true,true,false,true,true,false,true,true,true,true,true,true,false
386,27,0.0,0,0.04310985580496507,false,true,true,true,true,true,false,true,false,true,true,true,true,true,true,false,true,false,true,true,true,true,true,true,false,true,true
387,27,0.0,0,0.06982047348563374,true,false,true,true,true,true,true,true,false,true,true,true,false,false,false,true,true,true,true,true,true,true,true,false,true,true,false
388,27,0.0,0,0.06254017468900064,true,true,true,true,false,false,true,true,true,true,true,true,true,true,true,false,true,false,false,true,true,true,false,true,true,true,false
389,27,0.0,0,0.06975663342910259,true,false,true,true,true,true,false,false,true,true,true,true,true,true,true,true,true,true,false,true,false,true,true,true,true,false,true
390,27,0.0,0,0.05917159763313609,true,true,true,true,true,true,true,false,false,true,true,true,true,false,false,false,true,true,true,true,true,true,false,false,true,true,true
391,27,0.0,0,0.07248038900867013,true,true,false,true,true,true,true,false,true,true,false,true,true,true,true,true,true,true,false,true,true,true,true,true,false,false,true
392,27,0.0,0,0.03498770400178851,false,true,false,true,false,true,true,true,true,true,true,true,true,true,false,true,false,true,true,true,true,true,false,true,false,true,false
393,27,0.0,0,0.01899537397142506,true,true,true,true,true,true,true,true,true,true,true,true,false,true,true,false,false,false,false,true,true,true,true,true,true,true,false
394,27,0.0,0,1.250886044281366E-4,true,true,true,true,true,true,true,true,true,false,false,false,true,true,true,false,false,true,true,false,false,true,true,true,true,true,true
395,27,0.0,0,0.06250959324635456,true,false,true,true,true,false,true,true,true,true,true,true,false,true,true,true,true,true,true,true,true,false,false,true,false,true,false
396,27,0.0,0,0.03821942446043165,false,true,true,false,true,true,false,true,true,true,false,true,true,true,true,true,false,true,true,true,true,true,true,true,true,false,false
397,27,0.0,0,0.026111446389056527,true,true,true,false,true,true,true,true,true,false,false,true,false,true,true,true,true,true,true,true,true,false,false,true,true,true,false
398,27,0.0,0,0.012725765168174773,true,true,false,false,true,true,true,false,true,true,true,true,true,true,true,true,true,true,true,false,true,false,true,true,false,true,false
399,27,0.0,0,0.059432347438398155,true,true,false,true,true,true,true,true,true,true,true,false,false,true,true,true,true,true,true,true,true,false,true,false,false,true,true
400,27,0.0,0,0.045456300930753486,true,false,true,true,true,true,true,false,true,true,true,false,true,true,true,false,false,true,true,true,false,true,false,true,true,true,true
401,27,0.0,0,4.2987221071554184E-4,true,true,false,true,true,true,true,true,true,true,true,true,true,true,false,false,false,true,true,true,true,true,true,true,true,false,false
402,27,0.0,0,0.008852777104050448,true,false,true,true,false,true,true,true,true,true,false,true,false,true,false,true,true,true,true,true,true,true,false,true,true,true,true
403,27,0.0,0,0.014054147266770133,true,true,true,true,true,true,true,true,true,true,false,true,true,false,true,true,true,true,true,false,true,true,false,false,false,true,true
404,27,0.0,0,0.029864077669902914,true,true,false,true,false,true,true,false,true,true,true,false,true,false,false,true,true,true,true,false,true,true,true,true,true,true,true
405,27,0.0,0,0.04497245179063361,true,true,true,false,true,false,true,true,true,false,true,true,true,true,true,false,true,true,false,true,true,true,true,false,true,true,false
406,27,0.0,0,0.004062554604228551,true,true,false,true,true,true,true,true,true,true,true,false,true,true,false,false,true,true,false,true,true,false,true,true,true,true,true
407,27,0.0,0,0.031108623664941,true,true,true,false,true,true,true,true,false,false,true,false,true,false,true,true,true,true,true,true,true,false,true,true,true,true,true
408,27,0.0,0,0.01706951305575159,false,true,false,true,true,true,true,true,false,true,false,true,true,true,false,true,true,true,true,true,true,true,true,true,false,true,true
409,27,0.0,0,0.029226741687180088,false,false,true,true,true,true,true,true,true,true,true,true,true,true,true,true,true,true,true,true,false,true,false,false,true,false,false
410,27,0.0,0,3.585228857108712E-4,true,false,true,true,true,true,false,true,true,true,false,true,true,true,true,true,true,true,true,true,true,true,true,true,true,false,false
411,27,0.0,0,0.035990695707337705,false,false,false,true,true,false,true,true,true,true,true,true,true,true,true,true,true,true,true,true,false,true,true,true,false,true,true
412,27,0.0,0,0.05937016004130098,false,true,true,true,true,true,true,false,false,false,true,true,true,true,true,true,false,false,true,true,true,true,false,true,true,true,true
413,27,0.0,0,0.0625664248417356,true,true,true,false,true,true,true,true,false,true,true,true,true,true,true,true,false,true,false,true,true,true,true,false,true,true,false
414,27,0.0,0,0.054241675491234265,false,true,true,true,true,true,false,false,false,true,true,true,true,true,true,true,true,true,false,true,true,true,true,true,false,true,false
415,27,0.0,0,0.02663492633848365,true,true,true,true,true,true,true,true,false,true,true,true,true,true,true,true,true,true,true,true,true,false,false,true,true,false,false
416,27,0.0,0,0.0016182447689297005,true,true,true,false,true,true,true,false,true,true,true,true,true,false,false,false,true,true,true,true,false,true,true,true,true,true,true
417,27,0.0,0,0.013088486098441281,true,true,true,false,true,true,true,true,false,false,true,true,true,true,true,true,false,true,true,true,false,true,false,true,true,true,true
418,27,0.0,0,0.07888436677040939,true,false,true,true,true,true,true,true,true,true,true,true,true,true,true,true,true,true,true,false,false,true,true,true,false,false,true
419,27,0.0,0,0.0,true,false,true,true,true,false,true,false,false,true,true,true,true,true,true,true,true,true,true,false,true,true,true,true,false,true,true
420,27,0.0,0,0.04123256932200673,true,true,true,false,true,true,false,true,true,true,false,true,false,true,true,true,true,true,true,true,true,true,true,true,false,true,false
421,27,0.0,0,0.009185061989718779,false,true,true,true,true,true,true,false,false,true,false,false,true,true,false,true,true,true,true,true,true,true,true,true,true,true,true
422,27,0.0,0,0.06110631381114441,true,false,true,true,true,false,true,false,true,true,false,true,true,true,true,false,true,true,true,true,false,true,true,true,true,true,true
423,27,0.0,0,0.05603025633842275,false,true,true,false,true,true,true,true,true,true,true,true,false,false,true,true,false,true,true,false,true,true,true,true,true,true,true
424,27,0.0,0,0.05314622676718669,false,true,true,true,true,false,true,true,true,false,true,true,true,false,true,false,true,true,true,true,true,false,true,true,true,false,true
425,27,0.0,0,0.05841642228739003,true,true,false,false,true,true,false,true,false,true,true,true,true,true,false,true,true,true,false,false,true,true,true,true,true,true,true
426,27,0.0,0,0.06228972411804287,true,true,true,true,true,false,false,true,true,false,false,true,true,false,true,true,true,true,false,true,true,true,true,true,true,true,true
427,27,0.0,0,0.047684206161628724,true,true,true,true,false,true,false,false,true,true,true,false,true,false,true,false,true,true,true,true,true,true,true,false,true,true,true
428,27,0.0,0,0.03903689984328252,true,false,true,true,false,true,false,false,true,true,true,true,true,true,true,true,true,true,false,true,true,true,true,true,true,true,false
429,27,0.0,0,0.006786987184348222,true,true,true,false,true,false,true,false,true,true,true,true,true,true,false,true,true,true,true,true,true,false,true,true,true,true,false
430,27,0.0,0,0.06647398843930635,true,true,true,true,true,true,true,true,false,true,true,true,false,false,true,false,true,true,true,false,true,true,true,true,true,true,true
431,27,0.0,0,0.006009339355431371,true,true,true,true,true,true,true,true,true,true,true,true,false,true,false,true,true,true,true,true,false,false,false,true,true,false,true
432,27,0.0,0,0.055142846583139296,false,true,true,true,true,true,true,true,true,false,false,false,false,true,true,true,true,true,true,false,true,true,true,false,true,true,true
433,27,0.0,0,0.010582010582010581,true,true,false,true,true,true,false,true,true,true,true,false,true,true,true,true,true,true,false,false,true,false,true,true,true,true,true
434,27,0.0,0,0.05294069328076228,true,false,true,true,true,true,true,true,true,true,true,true,true,true,true,false,true,true,false,false,true,false,false,true,true,true,true
435,27,0.0,0,0.035050780282387915,true,true,false,true,false,false,true,false,true,true,true,true,true,false,true,true,false,true,true,true,true,true,false,true,true,true,true
436,27,0.0,0,0.07046694966646452,true,true,true,false,true,true,true,false,true,true,true,true,true,true,true,true,true,true,true,false,true,false,true,false,false,true,false
437,27,0.0,0,0.017665164830262748,false,true,true,true,false,true,true,true,true,true,true,true,true,true,true,true,true,false,true,true,true,true,false,false,true,false,true
438,27,0.0,0,0.01102548903378779,true,false,true,true,true,false,true,true,true,false,true,true,true,false,true,true,true,true,true,true,true,false,true,true,true,false,true
439,27,0.0,0,0.0,false,true,false,true,false,true,true,true,true,true,true,true,true,true,true,false,true,true,true,true,true,true,true,false,true,true,true
440,27,0.0,0,0.028349997992209774,true,true,true,true,true,true,true,true,true,false,true,false,true,true,false,true,true,false,true,true,false,true,false,true,true,true,true
441,27,0.0,0,0.02952047466199786,true,true,true,true,true,true,true,false,false,true,true,true,false,true,false,true,false,true,false,true,true,true,true,true,true,true,true
442,27,0.0,0,0.038041887880941434,true,true,true,true,false,true,false,true,true,true,true,true,true,true,false,true,true,false,true,false,true,true,true,false,true,true,true
443,27,0.0,0,0.0,true,true,true,true,true,true,false,true,true,false,false,false,true,true,true,true,true,false,true,true,true,true,true,true,true,true,true
444,27,0.0,0,0.01691872899480599,true,true,true,false,true,false,true,true,true,true,false,true,true,true,false,true,false,true,true,true,true,true,true,false,true,true,true
445,27,0.0,0,0.03535854426286059,true,true,true,true,true,false,true,false,true,true,false,false,true,true,true,true,true,true,true,true,true,true,true,false,false,true,false
446,27,0.0,0,0.029338637493784188,true,true,true,false,true,true,true,true,false,true,true,true,true,false,true,true,true,true,false,true,true,true,false,true,true,false,true
447,27,0.0,0,0.0639813769751693,true,false,true,false,false,true,false,true,true,true,true,true,true,false,true,true,true,true,true,true,true,false,true,true,true,true,false
448,27,0.0,0,0.0025718670925457335,true,true,false,true,true,true,true,false,true,true,false,true,true,true,true,true,true,true,true,true,true,true,false,true,true,false,true
449,27,0.0,0,0.02241073689541656,true,true,true,false,true,true,false,true,true,true,true,true,true,true,true,true,true,false,false,false,true,true,true,true,true,true,false
450,27,0.0,0,0.046661819426029684,true,false,true,true,true,true,true,false,true,true,true,true,true,true,true,true,true,false,false,false,true,true,true,true,true,false,true
451,27,0.0,0,0.024396174420489546,false,true,true,true,true,false,false,true,true,true,true,true,false,true,false,true,true,true,true,true,true,true,true,true,false,true,true
452,27,0.0,0,0.06438828993906337,true,true,true,false,true,false,true,false,false,false,true,true,true,true,true,true,true,true,true,true,true,true,true,false,true,true,true
453,27,0.0,0,0.06342056664114229,false,true,true,false,true,true,false,true,true,true,true,true,true,true,false,true,true,true,false,false,true,true,true,true,true,true,true
454,27,0.0,0,0.04198871944850637,true,true,true,true,true,true,true,false,true,false,true,true,true,true,true,true,false,true,true,true,false,false,true,false,true,true,true
455,27,0.0,0,0.017787866281469254,true,true,true,false,true,true,false,false,true,false,true,true,true,false,true,false,true,true,true,true,true,true,true,true,true,true,true
456,27,0.0,0,0.0632106723968126,false,true,true,true,true,false,true,true,true,true,true,true,true,true,true,true,true,true,false,false,false,false,true,true,true,false,true
457,27,0.0,0,0.056443957648776924,true,false,true,true,false,true,false,true,true,true,false,true,true,false,false,true,true,true,true,true,true,true,true,false,true,true,true
458,27,0.0,0,0.023574047233353226,false,true,false,true,true,true,true,true,true,true,true,true,false,true,true,true,true,true,false,true,true,true,true,true,false,false,true
459,27,0.0,0,0.035850295469468156,true,true,true,false,true,false,true,false,true,true,true,true,true,true,true,true,false,true,false,true,true,true,true,true,true,true,false
460,27,0.0,0,0.014491376443198556,true,false,false,true,true,true,true,true,true,true,true,true,true,true,true,true,true,false,true,false,true,true,false,false,true,true,true
461,27,0.0,0,0.016140189070786258,true,false,true,true,true,false,true,true,true,false,true,true,true,true,false,true,true,true,true,true,true,false,false,true,true,true,false
462,27,0.0,0,0.049918010906456166,false,false,true,true,true,true,true,true,true,true,true,true,false,true,true,true,false,false,true,false,true,true,false,true,true,true,true
463,27,0.015625,0,0.04436421187991493,true,true,true,false,true,true,true,true,false,true,true,true,true,true,false,true,false,true,true,true,true,true,true,false,true,true,true
464,27,0.0,0,0.05752807211766567,true,true,true,true,false,true,true,false,true,true,true,false,true,true,true,true,true,true,true,true,true,true,false,false,false,false,true
465,27,0.0,0,0.021304982280592036,true,true,true,true,false,true,true,true,false,true,true,true,true,false,true,false,true,true,true,true,true,true,true,false,true,true,false
466,27,0.0,0,0.02093383873190903,true,true,true,true,false,true,false,true,true,false,true,true,false,true,true,true,true,true,true,false,true,false,true,true,true,true,true
467,27,0.0,0,0.06698235040895394,true,true,true,true,true,true,false,false,true,true,false,true,true,true,true,true,true,false,true,true,true,false,true,false,true,true,true
468,27,0.0,0,0.020055950075317408,true,true,true,true,true,true,false,false,false,true,true,true,false,false,true,true,true,true,true,true,false,true,true,true,true,true,true
469,27,0.0,0,0.07467142087151209,true,false,true,false,true,true,true,true,false,false,true,true,true,true,true,true,true,true,false,true,false,true,true,true,false,true,true
470,27,0.0,0,0.07239285246188125,true,false,true,true,true,true,false,true,true,true,true,true,true,true,false,true,false,true,true,false,true,true,true,true,false,true,true
471,27,0.0,0,0.0494126345190175,true,true,true,true,true,true,false,true,false,true,true,true,true,true,false,true,true,true,true,false,true,true,false,true,false,true,true
472,27,0.0,0,0.0370007750989271,false,true,false,true,true,true,true,false,true,true,true,true,true,false,false,true,true,true,true,true,false,true,true,true,true,true,true
473,27,0.0,0,0.011398963730569948,true,true,false,true,true,true,false,true,true,true,true,true,true,true,true,true,true,true,true,true,true,true,false,false,false,false,true
474,27,0.0,0,0.018591689888948968,true,false,false,false,false,true,true,true,true,true,true,true,true,true,true,true,false,true,false,true,true,true,true,true,true,true,true
475,27,0.0,0,0.048260199529564445,true,true,false,true,false,false,true,false,true,false,true,true,true,true,false,false,true,true,true,true,true,true,true,true,true,true,true
476,27,0.0,0,0.05900080648584405,true,true,true,false,true,true,true,true,true,false,true,true,true,true,true,false,true,false,true,true,true,false,true,true,true,false,true
477,27,0.0,0,0.06325433180641306,true,true,true,false,true,true,true,false,true,false,true,true,true,true,false,true,false,true,true,true,true,true,true,true,false,false,true
478,27,0.0,0,0.060296085286374035,true,true,false,false,true,true,true,true,true,true,true,true,true,false,false,true,true,true,true,true,true,true,false,true,false,true,true
479,27,0.0,0,0.008529915925230593,true,true,true,true,true,false,true,true,true,false,true,true,true,true,true,false,false,true,true,true,false,true,true,true,false,true,true
480,27,0.0,0,0.007242693773824651,false,true,true,true,false,true,true,true,true,true,false,true,true,true,false,true,true,true,true,true,false,true,true,false,true,true,true
481,27,0.0,0,0.06425686752769003,false,true,false,true,true,true,true,true,true,true,false,true,true,true,true,false,false,false,true,true,true,true,true,true,false,true,true
482,27,0.0,0,0.05080906148867314,true,true,true,false,true,true,false,false,true,true,true,true,true,true,true,true,true,false,true,true,true,true,true,false,true,true,false
483,27,0.0,0,0.06540197353323644,false,true,false,true,true,true,true,false,true,true,true,false,true,true,true,true,false,true,false,true,true,true,true,true,false,true,true
484,27,0.0,0,0.02741209798366939,true,true,true,false,true,true,true,false,true,true,true,true,true,false,true,true,true,true,false,true,true,true,true,false,true,false,true
485,27,0.0,0,0.04488726183542724,false,true,true,true,false,true,true,true,false,true,false,true,true,true,false,true,true,false,true,true,true,true,false,true,true,true,true
486,27,0.0,0,0.07724335965541995,true,true,true,true,true,true,false,true,true,true,false,false,true,true,true,true,true,true,true,true,false,true,true,false,true,true,false
487,27,0.0,0,0.04348401323042999,true,true,true,true,true,true,false,false,true,false,true,false,true,true,false,true,true,true,true,true,true,true,true,false,true,true,true
488,27,0.0,0,0.06366686402210381,false,true,true,true,true,false,true,true,true,true,true,true,true,false,false,true,false,true,true,true,true,true,false,true,true,true,true
489,27,0.0,0,0.027591500363577603,true,false,true,true,true,true,true,true,true,true,true,true,true,true,false,true,false,false,true,false,true,true,true,true,false,true,true
490,27,0.0,0,0.058153551980712474,false,true,true,true,true,true,false,true,true,true,true,true,false,true,false,true,true,true,true,false,false,true,true,true,true,true,true
491,27,0.0,0,0.04164428837017145,true,true,true,true,true,false,true,true,true,true,false,false,true,true,true,true,false,true,true,false,true,true,false,true,true,true,true
492,27,0.0,0,0.042452644429567206,true,true,true,true,true,true,true,true,true,true,true,true,true,false,false,false,false,true,true,true,true,true,false,true,false,true,false
493,27,0.0,0,0.004825805359183847,true,false,true,false,true,true,true,true,true,false,true,true,true,true,false,false,false,true,true,true,true,true,true,true,true,true,true
494,27,0.0,0,0.06160547604231487,true,false,false,true,false,true,true,true,false,true,true,false,true,true,true,true,true,true,false,true,true,false,true,true,true,true,true
495,27,0.0,0,0.030562710521101644,true,true,false,true,true,true,true,true,true,true,true,true,true,true,false,true,true,false,false,true,true,true,false,true,false,true,true
496,27,0.0,0,0.022121432544606565,false,true,true,true,true,true,false,true,true,false,true,true,false,true,true,false,true,true,true,true,true,true,true,true,true,false,true
497,27,0.0,0,0.03767949040918415,false,true,true,false,true,true,true,true,true,false,true,true,true,true,true,true,true,false,true,true,false,true,false,false,true,true,true
498,27,0.0,0,0.05671665925536645,true,true,false,true,true,true,true,true,true,true,false,false,false,true,false,true,true,true,true,true,true,true,true,true,true,false,true
499,27,0.0,0,0.0567984506477895,true,false,true,true,true,true,false,true,false,true,true,true,true,true,true,true,false,true,true,false,true,false,true,true,false,true,true
500,27,0.0,0,0.030777256129368807,false,false,true,true,true,true,true,true,true,true,true,true,true,true,true,true,true,false,true,true,false,true,true,true,false,false,true
