KnapsackId,NumberOfItems,CpuTime,NodesVisited,Error,Item_0,Item_1,Item_2,Item_3,Item_4,Item_5,Item_6,Item_7,Item_8,Item_9,Item_10,Item_11,Item_12,Item_13,Item_14,Item_15,Item_16,Item_17,Item_18,Item_19
1,20,0.0,0,0.0,true,true,true,true,true,true,false,false,true,true,true,true,false,true,true,true,true,true,false,true
2,20,0.0,0,0.0,false,false,true,false,true,true,true,true,true,false,true,false,true,true,true,true,true,true,true,true
3,20,0.0,0,5.6395217685540266E-5,false,false,false,true,false,true,true,true,true,true,true,true,true,false,true,true,true,true,true,true
4,20,0.0,0,0.0,true,true,true,false,true,false,false,true,true,true,true,true,true,false,true,true,true,true,true,true
5,20,0.0,0,0.0,false,true,true,false,false,true,true,true,true,true,true,true,false,true,false,true,true,true,true,true
6,20,0.0,0,8.047642040882022E-4,true,true,true,true,false,true,true,false,true,true,true,false,true,true,false,true,true,false,true,true
7,20,0.0,0,9.704858137808986E-4,true,false,false,true,true,true,true,true,false,true,false,true,true,false,true,true,true,true,true,true
8,20,0.0,0,0.0012470123662059649,true,true,true,true,true,true,true,false,true,false,true,true,true,true,true,false,false,true,true,false
9,20,0.0,0,0.0,false,true,true,false,true,true,true,true,false,false,true,true,true,false,true,true,true,true,true,false
10,20,0.0,0,2.0969855832241152E-4,true,false,true,true,true,true,true,true,true,true,true,true,true,true,false,true,true,false,false,false
11,20,0.0,0,1.095290251916758E-4,true,true,true,true,false,true,true,true,true,true,false,true,true,true,true,false,false,true,true,false
12,20,0.0,0,4.544421722335833E-4,true,false,true,true,true,true,true,true,true,false,true,true,false,true,true,false,false,true,true,true
13,20,0.0,0,0.0010525788181043557,true,true,false,true,true,true,true,true,true,true,true,false,false,false,false,true,true,false,true,true
14,20,0.0,0,0.0010092272202998846,true,true,true,true,true,false,true,false,false,true,true,true,true,true,false,true,true,true,false,true
15,20,0.0,0,0.0,true,true,true,true,true,false,true,true,true,true,true,true,true,false,true,false,true,false,true,false
16,20,0.0,0,0.0,true,false,true,false,true,true,true,true,true,false,true,true,true,false,true,false,true,true,true,true
17,20,0.0,0,0.0,true,true,true,true,true,true,true,true,true,true,true,false,true,true,false,true,true,false,true,false
18,20,0.0,0,3.7705359547535687E-4,true,true,true,true,true,false,true,true,true,true,false,true,false,true,true,false,false,true,true,true
19,20,0.0,0,0.0,true,true,true,false,true,false,true,true,true,true,true,true,true,true,true,true,false,false,true,true
20,20,0.0,0,0.0,false,true,false,true,true,true,true,true,true,true,false,true,true,true,true,true,true,true,false,true
21,20,0.0,0,0.0,true,false,true,true,true,true,true,true,false,true,true,true,true,true,false,true,true,false,true,true
22,20,0.0,0,0.0,true,false,true,false,true,false,true,true,true,true,false,true,true,true,true,true,true,true,true,true
23,20,0.0,0,4.570906182150611E-4,true,true,true,true,true,true,true,false,false,true,true,false,true,false,true,true,false,true,true,true
24,20,0.0,0,2.2540290769750929E-4,true,true,true,true,true,true,true,false,false,true,true,true,true,false,true,true,false,true,true,false
25,20,0.0,0,4.892101973147795E-4,true,true,false,false,true,true,true,true,true,false,true,true,true,true,true,true,false,true,true,false
26,20,0.015625,0,0.0,true,true,true,true,false,true,false,true,true,true,true,false,false,true,true,true,false,true,true,true
27,20,0.0,0,8.236710384591016E-4,true,false,true,true,false,true,true,false,true,true,true,true,true,true,false,true,false,true,true,true
28,20,0.0,0,5.203725867721289E-4,true,true,false,true,true,true,true,true,true,true,false,true,true,false,true,true,false,false,true,false
29,20,0.0,0,0.001294691763768549,true,true,true,true,true,true,true,true,true,true,true,true,true,false,false,false,true,false,true,false
30,20,0.0,0,1.6035920461834508E-4,true,true,true,true,false,true,true,false,true,true,true,true,false,true,false,true,false,true,true,true
31,20,0.0,0,0.0,true,true,true,true,false,true,true,true,true,true,true,false,true,false,true,true,true,false,true,true
32,20,0.0,0,0.0,true,true,true,true,true,true,true,true,true,true,true,false,true,false,true,false,false,true,true,true
33,20,0.0,0,8.545290037197145E-4,true,true,true,false,false,false,true,true,true,true,true,true,true,false,true,true,true,false,true,true
34,20,0.0,0,0.0012531328320802004,true,true,true,true,false,true,false,false,true,true,true,false,true,true,true,true,true,true,true,false
35,20,0.0,0,0.0,true,true,true,true,true,true,false,true,true,false,true,true,false,true,true,true,true,true,true,false
36,20,0.0,0,0.001309880239520958,true,false,false,true,false,false,true,true,true,false,true,true,true,true,true,true,true,true,true,true
37,20,0.0,0,7.144315166360481E-4,true,false,true,false,true,true,false,true,true,true,false,true,false,true,true,true,true,true,true,true
38,20,0.0,0,4.324558084220769E-4,false,true,true,true,false,true,true,true,true,true,true,false,true,true,true,true,true,false,true,false
39,20,0.0,0,6.61638216223369E-4,true,true,true,true,true,true,false,true,true,false,true,false,true,true,false,true,true,true,true,true
40,20,0.0,0,0.0,false,true,true,true,false,true,true,true,true,true,false,true,false,true,true,true,true,true,true,false
41,20,0.0,0,0.0,true,true,true,true,true,true,false,true,true,true,true,true,false,false,false,true,true,true,true,false
42,20,0.015625,0,0.0012140833670578712,true,true,true,true,false,true,true,false,false,true,true,true,true,true,false,true,false,true,true,true
43,20,0.0,0,9.66183574879227E-4,true,false,true,true,true,true,true,false,true,true,true,true,false,false,true,true,true,true,false,true
44,20,0.0,0,5.729166666666667E-4,true,true,false,true,true,true,false,true,true,true,true,true,false,true,true,true,false,true,false,true
45,20,0.0,0,5.667970299835629E-5,true,true,true,true,true,true,true,false,true,true,true,true,true,true,false,false,true,false,false,true
46,20,0.0,0,0.0013249082755809212,true,true,true,true,true,false,false,true,false,true,true,false,true,true,true,true,true,true,true,false
47,20,0.0,0,0.0,false,true,true,false,false,true,true,true,true,true,true,true,false,true,true,true,true,true,true,true
48,20,0.0,0,0.0,true,true,true,true,true,true,true,true,false,true,false,false,true,true,false,true,true,false,true,true
49,20,0.0,0,6.625807520291535E-4,true,true,true,false,true,true,true,false,true,false,true,true,true,true,true,true,true,false,true,false
50,20,0.0,0,0.0015797008441526385,true,true,true,true,true,true,true,true,false,true,true,false,true,false,true,true,true,false,true,false
51,20,0.0,0,5.841121495327102E-4,true,false,true,false,true,true,true,true,true,true,true,true,false,true,true,false,false,true,true,true
52,20,0.0,0,0.0,false,true,true,true,true,true,false,true,true,true,true,true,true,true,true,true,true,false,true,false
53,20,0.0,0,2.5134469411350726E-4,true,false,false,true,true,true,true,true,true,true,true,false,true,false,false,true,true,true,false,true
54,20,0.0,0,0.0,true,true,true,true,true,true,false,false,true,true,true,false,true,false,true,true,false,true,true,true
55,20,0.0,0,5.1813471502590674E-5,false,false,true,true,true,true,true,false,true,true,true,true,true,true,false,true,true,true,false,true
56,20,0.0,0,2.5933609958506224E-4,true,false,true,true,false,true,true,true,true,true,true,true,false,false,false,true,true,true,true,true
57,20,0.0,0,0.0,true,true,true,true,true,false,true,false,true,true,false,true,true,true,true,true,false,true,true,true
58,20,0.0,0,0.0015956120668162554,true,false,true,false,true,true,true,true,true,true,true,true,true,true,true,true,false,false,false,true
59,20,0.0,0,0.0,true,false,true,true,true,true,true,true,true,true,false,true,true,true,true,false,true,false,false,true
60,20,0.0,0,0.0018874029335634167,true,true,true,false,false,true,false,true,true,true,true,true,true,true,true,true,false,true,false,true
61,20,0.0,0,0.0,true,true,false,true,true,true,true,true,false,true,false,true,false,false,true,true,true,true,true,true
62,20,0.0,0,0.0012574662055957245,true,true,true,false,true,true,true,true,true,true,true,false,false,false,true,true,false,true,false,true
63,20,0.0,0,7.963594994311718E-4,true,false,true,true,true,true,true,true,false,true,false,true,true,true,true,false,false,true,true,true
64,20,0.0,0,6.129328838492186E-5,true,true,true,true,false,true,true,true,true,false,true,true,true,true,false,false,true,true,true,true
65,20,0.0,0,9.887079148670449E-4,true,true,true,true,false,true,false,true,true,true,true,true,true,true,false,true,false,true,true,false
66,20,0.0,0,6.391632771644393E-4,false,false,true,true,true,true,true,true,false,true,true,true,false,true,true,true,true,true,true,false
67,20,0.0,0,0.0,true,true,true,true,false,true,false,false,true,true,false,true,true,false,true,true,true,true,true,true
68,20,0.0,0,0.0,true,true,true,true,false,true,true,true,false,false,true,true,true,true,false,true,true,true,false,true
69,20,0.0,0,8.694489031567683E-4,true,true,true,true,true,true,true,false,true,true,true,true,true,false,false,true,false,true,true,false
70,20,0.015625,0,0.0,true,false,true,true,false,true,false,true,true,false,true,true,true,true,true,true,true,true,false,true
71,20,0.0,0,2.2857142857142857E-4,false,true,false,false,true,true,true,true,true,true,true,true,false,true,true,true,true,true,true,false
72,20,0.0,0,6.236746912810279E-5,false,true,true,true,true,false,true,true,true,true,true,true,false,true,true,false,true,false,true,true
73,20,0.0,0,7.501473503723946E-4,true,false,true,false,true,true,false,true,true,true,true,true,true,false,true,false,true,true,true,true
74,20,0.0,0,0.0,false,true,true,false,false,true,false,true,true,true,true,true,false,true,true,true,true,true,true,true
75,20,0.0,0,0.0012012325690708727,true,false,true,true,true,true,true,true,true,true,true,true,true,false,false,true,true,false,false,true
76,20,0.0,0,7.839783336896872E-4,false,true,true,true,true,false,true,true,true,true,true,true,false,true,true,true,true,true,false,true
77,20,0.0,0,2.0239842129231392E-4,true,false,true,false,true,true,false,true,true,false,true,true,true,true,true,true,false,true,true,true
78,20,0.0,0,0.0,true,true,false,true,true,true,true,true,true,true,false,false,true,true,true,true,true,true,false,true
79,20,0.0,0,4.274026132616925E-4,true,true,true,false,true,true,true,true,true,true,true,false,true,true,true,false,false,true,false,true
80,20,0.0,0,0.001148796498905908,true,true,true,false,true,false,true,false,true,true,true,true,false,true,true,true,false,true,true,true
81,20,0.0,0,0.0,true,false,true,false,true,false,false,true,true,true,true,true,true,true,true,true,true,true,true,true
82,20,0.0,0,0.0,false,false,true,true,true,true,true,false,false,true,true,true,true,true,true,true,false,true,true,true
83,20,0.0,0,2.1148355715343132E-4,false,true,false,true,true,true,false,false,true,true,true,true,true,true,false,true,true,true,true,true
84,20,0.0,0,0.0011008501009112592,true,false,true,true,true,true,false,true,false,true,true,false,true,true,true,false,true,true,true,true
85,20,0.0,0,0.0,true,false,true,false,true,false,true,true,true,true,true,false,true,true,true,false,true,true,true,true
86,20,0.0,0,7.607232722804143E-4,true,true,true,true,true,true,true,true,false,true,true,true,true,true,false,true,false,true,false,true
87,20,0.0,0,0.0,true,true,true,true,true,true,false,true,true,false,false,true,true,true,true,false,true,true,true,true
88,20,0.0,0,0.0,true,true,false,true,false,true,true,true,true,true,false,true,true,false,true,true,true,true,true,true
89,20,0.0,0,9.909575126966432E-4,true,true,true,true,false,false,false,true,true,true,true,true,false,true,true,true,true,true,false,true
90,20,0.0,0,9.303479501333499E-4,true,true,true,true,true,true,true,false,true,true,false,false,true,true,false,true,true,false,true,true
91,20,0.0,0,7.191060958070583E-4,false,true,true,false,false,true,true,true,false,true,true,true,true,true,true,false,true,true,true,true
92,20,0.0,0,2.0556040906521405E-4,true,true,true,false,true,true,true,true,true,true,false,false,true,true,true,true,false,true,true,false
93,20,0.0,0,0.0,true,true,true,false,true,true,true,true,false,true,true,true,true,true,true,true,false,true,false,true
94,20,0.0,0,4.0923706518561825E-4,false,true,false,true,true,true,true,true,true,false,true,true,true,true,true,true,false,true,true,true
95,20,0.0,0,0.0013338746157861162,true,false,true,false,true,true,true,false,false,true,true,true,true,true,true,true,true,true,false,true
96,20,0.0,0,8.648381517173215E-4,true,false,true,true,true,true,true,false,true,true,false,false,true,true,true,true,true,true,false,true
97,20,0.0,0,8.545884827767552E-4,false,true,true,false,true,false,false,true,true,true,true,true,true,true,false,true,true,true,true,true
98,20,0.0,0,5.187529179851637E-5,true,true,false,false,true,true,true,true,true,true,true,false,true,true,false,false,true,true,true,true
99,20,0.015625,0,0.001488669570491261,true,true,true,true,false,false,false,true,true,true,true,true,true,true,false,true,true,true,true,false
100,20,0.0,0,9.656652360515021E-4,true,false,true,false,true,true,true,true,false,true,false,true,true,true,true,true,true,false,true,true
101,20,0.0,0,6.33245382585752E-4,true,true,true,true,true,false,false,true,true,true,false,true,true,true,true,true,false,true,false,false
102,20,0.0,0,0.0010772196394148996,false,true,true,true,true,true,true,false,true,true,true,true,true,true,true,false,true,true,false,false
103,20,0.0,0,3.7313432835820896E-4,true,true,false,true,true,true,true,false,true,false,false,false,true,true,true,true,true,true,true,false
104,20,0.0,0,6.928898838076964E-4,true,true,true,true,true,true,true,true,true,true,false,true,false,false,false,false,true,true,true,true
105,20,0.0,0,8.194034742707309E-4,true,true,true,true,true,true,false,true,false,true,false,true,true,true,true,false,true,true,false,true
106,20,0.0,0,4.898758981058132E-4,true,true,true,true,true,true,true,false,true,true,false,true,false,false,true,true,false,true,true,true
107,20,0.0,0,0.001934119069205198,false,false,true,true,true,true,false,true,true,true,false,true,true,false,true,true,true,true,true,true
108,20,0.0,0,1.1078491109510885E-4,true,true,true,true,true,true,false,true,false,true,true,true,true,true,false,true,true,false,false,true
109,20,0.0,0,0.0,true,true,true,true,false,true,true,true,true,false,true,false,true,false,true,true,true,true,true,true
110,20,0.0,0,0.0,true,false,false,true,true,true,false,true,true,true,true,true,true,true,true,true,true,true,true,false
111,20,0.0,0,0.0019542331210994136,true,false,false,true,true,true,true,true,true,true,true,false,true,false,true,true,true,true,false,true
112,20,0.015625,0,3.79897970259416E-4,true,true,false,true,false,true,true,true,true,false,true,false,true,true,false,true,true,true,true,true
113,20,0.0,0,3.273501009329478E-4,false,true,false,true,true,true,true,true,true,true,true,true,false,true,false,true,true,false,true,true
114,20,0.0,0,4.798752324395657E-4,true,true,true,false,true,true,true,true,false,true,false,true,true,true,true,true,false,false,true,true
115,20,0.0,0,0.0,false,true,true,true,true,true,true,true,false,true,true,false,true,false,true,true,true,false,false,true
116,20,0.0,0,0.0,true,true,true,true,false,false,true,true,true,true,true,true,true,true,true,true,true,false,false,true
117,20,0.0,0,0.0,true,true,false,false,true,true,true,true,true,true,false,true,true,true,true,false,true,true,false,true
118,20,0.0,0,0.0,true,true,false,true,true,true,true,true,false,false,true,true,true,true,true,true,false,true,false,true
119,20,0.0,0,7.368779049994332E-4,true,true,false,false,true,true,true,false,true,true,true,true,true,true,true,true,true,true,true,false
120,20,0.0,0,0.0,true,false,true,true,true,true,false,false,true,false,true,true,true,true,true,false,true,true,true,true
121,20,0.0,0,9.305417082087072E-4,true,true,true,false,true,true,true,false,true,true,true,true,false,true,false,true,true,true,true,true
122,20,0.0,0,0.0010490861907128265,false,true,true,true,true,true,true,false,true,true,true,true,false,true,true,false,true,true,false,true
123,20,0.0,0,1.050420168067227E-4,true,true,true,true,true,true,true,false,false,true,true,false,false,true,false,true,true,true,true,true
124,20,0.0,0,6.51735987676265E-4,true,true,true,true,true,true,true,true,true,true,true,true,true,true,false,false,true,false,false,false
125,20,0.0,0,0.0,true,true,true,false,true,true,true,true,false,true,false,false,true,true,true,true,true,true,true,false
126,20,0.0,0,0.0,true,true,true,true,false,true,false,true,false,true,true,true,true,true,true,false,false,true,true,true
127,20,0.0,0,8.503401360544217E-4,true,false,true,false,true,true,true,true,true,false,true,true,true,true,true,false,true,false,true,true
128,20,0.0,0,4.01422181442826E-4,true,true,true,true,false,true,true,true,true,true,true,true,true,false,false,false,false,true,true,true
129,20,0.0,0,0.0,true,true,true,true,true,false,true,false,true,true,true,true,true,true,false,true,true,true,false,true
130,20,0.0,0,0.001191692202928158,true,true,true,false,false,true,true,true,true,true,true,true,true,true,false,true,false,true,true,false
131,20,0.0,0,0.0,false,false,true,true,true,true,true,false,true,false,true,true,true,true,true,true,false,true,true,true
132,20,0.0,0,0.0,true,true,true,true,false,true,true,false,true,false,false,true,true,true,true,true,true,true,true,true
133,20,0.0,0,3.12565117732861E-4,true,false,true,true,true,true,true,true,true,true,true,true,false,false,true,false,false,true,true,false
134,20,0.0,0,1.7927572606669058E-4,true,false,true,true,true,true,true,false,false,true,false,true,true,true,true,true,true,false,true,true
135,20,0.0,0,0.0,false,true,true,true,true,true,true,true,true,false,true,false,true,true,true,true,true,false,true,true
136,20,0.0,0,3.8035209737013694E-4,true,true,true,true,false,true,false,false,true,true,true,true,true,true,false,true,false,true,true,true
137,20,0.0,0,0.0,true,true,false,true,true,true,true,true,true,false,true,true,true,true,true,false,true,false,true,false
138,20,0.0,0,0.0,true,true,true,true,false,true,true,true,true,true,false,true,true,true,true,false,true,false,true,false
139,20,0.0,0,6.996394166083634E-4,false,false,true,true,true,true,true,true,true,true,true,true,false,true,true,true,false,false,true,true
140,20,0.0,0,0.0,false,false,true,true,true,true,true,true,true,true,true,true,true,true,true,true,false,true,true,false
141,20,0.0,0,0.0,true,true,true,true,true,true,false,false,false,true,true,true,false,true,true,true,true,true,true,false
142,20,0.0,0,1.5735641227380016E-4,true,true,true,true,true,false,false,false,true,false,true,true,false,true,true,true,true,true,true,true
143,20,0.0,0,0.0023032187482006105,false,true,false,true,true,true,true,true,true,true,true,false,false,false,true,true,true,true,true,true
144,20,0.0,0,2.4351637647631802E-4,true,true,true,true,true,true,true,true,true,false,true,true,true,true,true,true,false,true,false,false
145,20,0.0,0,7.301319853973602E-4,false,true,true,false,true,true,true,true,true,false,true,true,true,true,true,true,false,true,true,false
146,20,0.0,0,0.0015436352610397486,true,true,true,true,false,false,false,true,true,true,false,true,false,true,true,true,true,true,true,true
147,20,0.0,0,0.0,false,true,true,false,true,true,true,true,true,true,true,true,false,true,false,true,true,true,true,true
148,20,0.0,0,0.0,true,true,true,true,true,true,true,false,true,true,false,true,true,false,true,true,false,true,false,true
149,20,0.0,0,0.0011842728564661299,true,true,false,true,false,true,true,false,true,true,true,true,true,true,true,false,false,false,true,true
150,20,0.0,0,0.0,true,false,true,false,true,true,false,false,true,true,true,true,true,false,true,true,true,true,true,true
151,20,0.0,0,0.0,false,false,true,true,true,false,true,true,true,true,true,false,true,true,true,true,false,true,true,true
152,20,0.0,0,0.0016189650187915584,true,false,true,true,true,true,true,false,true,false,true,true,true,false,true,false,true,true,true,true
153,20,0.0,0,0.0,true,true,true,true,false,true,false,true,true,true,true,false,true,true,true,false,true,true,true,true
154,20,0.0,0,5.127876418178322E-4,true,false,true,true,false,true,true,true,false,false,false,true,true,true,true,true,true,false,true,true
155,20,0.0,0,9.431868619618287E-4,true,true,true,true,true,true,false,true,true,true,false,true,true,false,true,false,true,false,true,true
156,20,0.0,0,1.7363120731566154E-4,false,false,true,true,true,true,true,true,true,true,true,true,true,true,true,true,false,false,true,false
157,20,0.0,0,5.85308750365818E-5,true,true,true,false,true,true,false,true,true,true,true,false,true,false,true,true,true,false,true,true
158,20,0.0,0,0.0011171870406303287,false,true,true,true,true,false,true,true,true,false,false,true,true,false,true,true,true,true,true,true
159,20,0.0,0,0.0012579304309779042,false,true,true,true,true,true,false,true,true,false,true,true,true,true,false,true,true,true,true,false
160,20,0.0,0,0.0,true,false,true,true,true,true,true,false,false,false,true,true,true,true,false,true,true,true,true,true
161,20,0.0,0,0.0,true,true,true,false,true,true,true,false,true,true,false,true,true,true,true,true,true,false,true,true
162,20,0.0,0,0.0,true,true,true,false,true,true,true,true,false,false,true,true,true,false,true,true,true,true,true,true
163,20,0.0,0,0.0,true,true,true,true,true,true,false,false,true,true,true,true,false,true,true,true,false,true,true,false
164,20,0.0,0,3.6037891268533774E-4,true,true,true,true,true,true,true,false,true,true,true,false,false,false,true,true,false,false,true,true
165,20,0.0,0,0.0,true,true,true,true,true,true,true,false,true,false,true,true,true,true,true,true,false,true,false,true
166,20,0.015625,0,0.0010851336687382855,false,true,true,true,true,true,true,true,true,false,false,false,true,true,true,true,true,true,false,false
167,20,0.0,0,1.8146624727800629E-4,true,false,true,true,true,true,true,false,true,false,true,true,true,false,false,true,true,true,true,true
168,20,0.0,0,0.0,true,true,false,false,true,false,true,false,true,true,true,true,false,true,true,true,true,true,true,true
169,20,0.0,0,0.0,true,true,false,true,true,false,true,true,true,true,true,true,true,false,false,true,false,true,true,true
170,20,0.0,0,9.535759096612296E-4,true,true,true,false,true,true,true,true,true,true,true,true,false,true,true,true,false,true,false,false
171,20,0.0,0,3.028620463378931E-4,true,true,false,true,true,true,true,true,false,true,true,false,false,true,true,true,false,true,false,true
172,20,0.0,0,5.042581801882564E-4,true,true,true,false,true,true,true,true,true,false,true,true,true,true,true,false,false,true,false,true
173,20,0.0,0,0.0013190954773869346,true,true,true,true,true,false,true,false,true,true,true,true,true,true,false,true,false,false,true,true
174,20,0.0,0,0.0017075638755375663,false,false,true,true,true,true,true,true,false,true,false,true,true,true,false,true,true,true,true,true
175,20,0.0,0,0.0017712086972454652,false,true,false,true,false,true,true,true,true,false,true,true,true,true,true,true,true,true,false,true
176,20,0.0,0,6.437906392841049E-5,true,true,false,true,true,true,false,true,false,true,true,true,true,true,true,true,true,false,true,true
177,20,0.0,0,9.097002776979795E-4,true,true,true,true,true,true,false,true,false,true,true,true,true,true,true,true,false,false,false,false
178,20,0.0,0,8.636456004877058E-4,true,true,true,true,true,true,false,true,false,false,false,true,true,true,true,false,true,true,true,true
179,20,0.0,0,0.0,true,true,false,true,false,true,true,true,true,false,true,false,true,true,true,true,false,true,true,true
180,20,0.0,0,7.967730690702654E-4,true,true,true,true,true,true,true,true,true,false,true,true,true,true,true,false,true,false,false,false
181,20,0.0,0,5.161290322580645E-4,true,true,false,true,true,false,false,true,true,true,true,true,true,true,true,false,true,false,true,true
182,20,0.0,0,0.0,true,true,true,true,true,false,true,true,true,true,true,true,true,false,true,true,false,false,true,true
183,20,0.0,0,5.4845609608950804E-5,false,true,false,false,true,true,true,true,true,true,false,true,false,true,true,true,true,true,true,true
184,20,0.0,0,8.096728921515707E-4,false,true,true,true,false,true,false,true,true,false,true,true,true,true,true,false,true,true,true,true
185,20,0.0,0,0.0,true,true,true,true,true,false,true,true,false,true,true,true,false,true,false,true,true,true,true,true
186,20,0.0,0,3.2815576460293154E-4,false,false,true,true,true,true,true,false,true,false,true,true,true,true,false,true,true,true,true,true
187,20,0.0,0,6.493506493506494E-4,true,false,true,true,true,true,true,true,true,false,true,true,true,true,false,true,true,true,false,false
188,20,0.0,0,5.468555804126274E-4,true,true,true,false,true,true,false,false,true,false,true,true,true,true,true,true,false,true,true,true
189,20,0.0,0,6.543075245365322E-4,true,false,true,true,true,false,true,false,true,true,true,false,true,true,false,true,true,true,true,true
190,20,0.0,0,0.0,true,false,true,true,true,true,true,true,true,true,true,true,true,true,false,true,false,false,true,false
191,20,0.0,0,0.001045539033457249,false,true,true,true,true,false,true,true,true,true,false,true,true,true,true,true,false,false,true,true
192,20,0.0,0,4.211905653313366E-4,true,true,true,false,true,true,true,true,true,false,false,true,false,true,false,true,true,true,true,true
193,20,0.0,0,2.221235006663705E-4,false,true,true,true,true,true,true,false,false,false,true,true,true,true,true,true,true,true,true,false
194,20,0.0,0,0.00116918040453642,true,true,false,true,true,false,false,true,true,false,true,true,true,true,true,true,true,false,true,true
195,20,0.0,0,5.115961800818554E-4,true,true,true,false,false,true,false,true,true,true,true,true,true,true,true,true,true,true,true,false
196,20,0.0,0,0.0,false,true,false,true,true,true,true,true,false,true,true,true,true,true,true,false,true,false,true,true
197,20,0.0,0,1.8389113644722325E-4,true,true,true,true,true,false,true,true,true,false,true,true,true,true,true,false,true,false,true,true
198,20,0.0,0,0.0,true,false,true,true,true,true,true,false,true,true,true,true,true,true,false,false,true,true,true,true
199,20,0.0,0,0.0,false,true,true,true,true,true,true,true,true,true,false,true,true,true,false,true,true,false,true,true
200,20,0.0,0,3.7476577139287947E-4,false,true,true,true,true,true,true,false,true,true,false,true,true,true,true,true,false,true,true,false
201,20,0.0,0,0.0,false,true,true,true,true,true,true,true,true,true,false,false,true,true,true,false,true,true,true,true
202,20,0.0,0,1.9198771278638167E-4,true,true,false,true,false,true,true,true,true,true,true,true,true,false,true,true,true,true,false,false
203,20,0.0,0,0.0,true,false,true,true,true,true,false,false,false,true,true,true,true,true,true,true,true,true,true,true
204,20,0.0,0,4.841833440929632E-4,true,true,true,true,true,true,true,true,false,true,false,false,true,true,true,true,true,true,false,false
205,20,0.0,0,7.087558608657726E-4,true,true,true,false,true,true,true,true,true,false,false,true,true,true,true,true,true,false,false,true
206,20,0.0,0,0.0,false,true,true,true,false,true,false,true,true,true,true,true,true,true,true,true,false,false,true,true
207,20,0.0,0,0.0,true,false,true,false,false,true,true,true,true,true,true,true,true,true,true,true,true,true,false,true
208,20,0.0,0,0.0,true,true,true,true,false,true,true,true,true,true,true,true,false,true,false,true,true,true,true,false
209,20,0.0,0,0.0,true,true,true,true,false,true,false,true,true,true,false,true,true,true,true,true,true,false,true,true
210,20,0.0,0,0.0,false,true,true,true,true,false,true,true,true,false,true,true,true,false,true,false,true,true,true,true
211,20,0.0,0,0.0,true,true,true,true,true,false,false,true,true,true,false,true,false,false,true,true,true,true,true,true
212,20,0.0,0,1.8907165815844205E-4,true,true,true,true,true,false,true,true,true,true,false,true,true,true,false,false,true,true,false,true
213,20,0.0,0,5.934365913002195E-4,true,false,true,true,true,true,true,true,true,true,false,true,true,true,true,false,true,false,true,false
214,20,0.0,0,1.5577941634645342E-4,true,true,false,true,true,false,true,true,true,true,true,true,true,false,true,false,false,true,true,true
215,20,0.0,0,2.602946535478161E-4,true,true,false,true,true,true,true,true,false,true,true,true,true,true,true,false,false,true,false,true
216,20,0.0,0,0.0,true,false,true,true,false,true,true,true,true,false,true,true,true,true,false,false,true,true,true,true
217,20,0.0,0,0.0,true,true,true,false,true,true,false,true,true,true,true,true,true,true,true,true,false,true,true,false
218,20,0.0,0,0.0,true,true,false,true,true,true,false,false,true,true,true,true,true,false,true,true,true,true,false,true
219,20,0.0,0,9.010023651312085E-4,false,true,true,false,true,true,true,true,true,false,false,true,false,true,true,true,true,true,true,true
220,20,0.0,0,0.0,true,true,true,true,true,true,false,false,true,false,true,true,true,true,true,true,false,true,true,true
221,20,0.0,0,2.5826446280991736E-4,true,true,true,true,true,true,true,true,false,false,true,true,false,false,false,true,true,true,true,true
222,20,0.0,0,5.052291214065579E-5,true,true,true,true,true,false,false,true,false,false,true,true,true,true,true,true,true,true,false,true
223,20,0.0,0,0.0,false,true,true,true,true,true,true,true,false,true,false,true,true,true,true,true,false,true,true,false
224,20,0.0,0,0.0,true,false,false,true,true,true,true,true,false,true,true,true,true,true,true,false,true,true,true,true
225,20,0.0,0,0.0010420465794821027,true,true,false,true,true,true,true,true,true,false,true,true,true,false,true,false,true,true,true,false
226,20,0.0,0,6.054678403427879E-4,true,true,true,false,false,false,true,true,true,true,true,true,true,true,true,false,true,true,false,true
227,20,0.0,0,3.680755781853874E-4,true,true,true,true,true,true,false,true,true,false,true,true,true,true,true,false,true,true,false,false
228,20,0.0,0,0.0021324992891669035,true,false,true,true,true,true,true,true,false,false,true,true,false,true,false,true,true,true,true,true
229,20,0.0,0,4.4793947839936294E-4,true,true,false,false,true,true,false,true,true,true,true,true,false,true,true,false,true,true,true,true
230,20,0.0,0,8.749416705552964E-4,true,true,true,true,false,true,true,false,true,true,true,true,false,true,true,true,false,true,true,false
231,20,0.0,0,0.0,true,false,true,true,true,true,false,true,false,true,true,true,true,true,true,true,true,false,true,true
232,20,0.0,0,0.0,true,true,true,true,false,true,false,false,false,true,true,false,true,true,true,true,true,true,true,true
233,20,0.0,0,0.0,true,true,true,true,true,false,true,true,true,true,false,true,true,true,true,false,true,true,true,false
234,20,0.0,0,0.0,true,false,true,true,true,false,true,true,true,false,true,true,false,true,true,true,true,true,false,true
235,20,0.0,0,0.0,true,true,true,true,true,false,true,true,true,false,true,false,false,true,true,true,true,true,true,false
236,20,0.0,0,0.0,true,true,true,true,true,false,false,true,true,true,false,false,true,true,true,true,true,true,true,true
237,20,0.0,0,0.0,true,false,true,false,true,true,true,true,true,true,true,false,true,true,false,true,true,true,false,true
238,20,0.0,0,0.0,true,true,false,true,false,true,true,true,true,true,true,true,false,true,true,false,true,true,false,true
239,20,0.0,0,7.476821852258E-4,false,true,true,false,true,true,true,true,false,true,true,true,true,true,false,false,true,true,false,true
240,20,0.0,0,3.600267448439027E-4,true,true,true,true,true,false,true,true,true,true,true,false,true,true,false,false,false,true,true,true
241,20,0.0,0,2.4824675727673306E-4,true,false,true,true,false,true,true,false,true,true,true,true,true,true,true,true,false,true,true,false
242,20,0.0,0,0.0,true,true,true,false,true,true,true,true,true,true,true,true,true,true,true,true,false,false,false,false
243,20,0.0,0,8.633248799438839E-4,false,true,false,false,true,true,true,true,true,true,true,true,true,true,true,true,true,false,true,true
244,20,0.0,0,0.0,true,true,true,true,true,false,true,true,true,true,false,true,true,false,true,true,true,true,true,true
245,20,0.0,0,0.0,true,true,false,true,true,true,true,true,true,true,false,false,true,true,true,true,true,true,false,true
246,20,0.0,0,0.0013633609371844072,true,true,true,true,true,true,true,true,true,false,true,true,false,true,false,true,false,false,true,true
247,20,0.0,0,5.593694380879735E-4,true,true,true,false,true,true,true,true,false,true,false,false,true,true,true,false,true,true,true,true
248,20,0.0,0,0.0,true,true,false,true,true,false,false,true,true,false,true,true,true,true,true,true,true,true,true,false
249,20,0.0,0,0.0010183299389002036,true,true,true,true,true,false,false,true,false,true,true,true,true,true,true,true,true,true,false,false
250,20,0.0,0,3.6339095675647613E-4,false,true,false,true,false,true,true,true,true,true,false,true,false,true,true,true,true,true,true,false
251,20,0.0,0,4.573967590172504E-4,false,true,true,true,true,true,true,true,false,true,true,true,false,false,false,true,true,true,true,true
252,20,0.0,0,0.0,true,false,true,true,false,true,true,true,true,true,false,true,true,false,true,true,true,false,true,true
253,20,0.0,0,0.0,false,true,true,false,false,true,false,true,true,true,true,true,true,true,true,true,true,true,true,true
254,20,0.0,0,0.0,true,true,false,true,true,true,true,false,true,true,true,false,true,true,true,true,true,true,false,true
255,20,0.0,0,0.0,true,true,true,true,true,true,true,false,true,false,false,true,true,true,true,false,true,true,true,false
256,20,0.0,0,0.0,true,true,true,true,true,true,true,false,true,true,true,true,false,true,false,true,true,false,true,true
257,20,0.0,0,0.0,true,true,true,true,false,true,true,false,true,false,true,true,true,true,true,false,true,true,false,true
258,20,0.0,0,7.342973339358337E-4,false,true,false,true,true,true,false,true,true,true,false,true,true,false,true,true,true,true,true,true
259,20,0.0,0,6.450919255993979E-4,true,true,true,true,true,true,true,true,false,true,true,true,false,true,false,false,false,true,true,true
260,20,0.0,0,2.946549590429607E-4,true,false,true,true,true,true,true,true,true,true,false,true,false,true,true,true,false,false,true,true
261,20,0.0,0,7.946598855689765E-4,false,true,true,true,true,true,true,true,false,true,false,true,true,false,true,false,true,true,true,false
262,20,0.0,0,6.396133892402814E-4,true,true,true,false,true,true,false,true,false,true,true,true,true,false,true,true,true,true,true,true
263,20,0.0,0,0.0,true,false,true,true,true,true,false,true,true,true,true,true,true,true,true,false,true,true,false,true
264,20,0.0,0,1.0725585885128976E-4,true,true,false,true,true,false,true,true,true,true,true,true,false,false,true,true,true,true,true,false
265,20,0.0,0,6.954102920723226E-4,true,false,false,true,true,true,true,true,false,true,true,false,true,true,true,true,true,false,true,true
266,20,0.0,0,0.0,true,true,true,true,true,true,true,true,true,true,true,true,false,false,true,false,true,false,true,true
267,20,0.0,0,0.0,true,false,true,false,true,true,true,true,true,false,true,true,true,true,false,true,true,false,true,false
268,20,0.0,0,0.0,true,true,true,true,true,false,false,true,true,false,false,true,false,true,true,true,true,true,true,true
269,20,0.0,0,2.5207965717166626E-4,true,true,false,true,true,true,true,false,true,true,true,true,true,true,false,true,true,true,false,false
270,20,0.0,0,5.402193290475933E-4,true,true,false,true,true,true,false,true,true,true,true,false,true,true,true,true,false,true,false,true
271,20,0.0,0,0.0,true,true,true,true,true,true,false,true,true,true,true,false,true,false,true,true,true,false,false,true
272,20,0.0,0,5.142181313313107E-4,false,true,true,true,false,true,true,false,true,true,true,false,true,true,true,true,true,true,true,false
273,20,0.0,0,0.0,false,true,true,false,true,true,true,false,true,true,true,true,true,true,true,true,true,true,false,true
274,20,0.0,0,0.0,true,true,true,true,false,true,true,false,true,true,false,true,true,false,true,true,true,true,true,true
275,20,0.0,0,5.817951023430475E-4,true,true,true,false,false,true,true,true,true,true,true,true,true,false,true,true,false,true,true,false
276,20,0.0,0,0.0,true,true,true,true,true,true,true,true,false,true,true,true,false,true,false,true,true,true,true,false
277,20,0.0,0,4.3902439024390245E-4,true,true,false,true,true,true,true,true,true,false,true,false,false,true,true,true,false,true,true,true
278,20,0.0,0,0.001048712705154423,true,true,true,true,true,true,true,true,true,false,false,false,true,true,true,false,true,true,false,false
279,20,0.0,0,0.0,true,false,true,true,true,true,false,false,true,true,false,true,true,true,true,true,true,true,true,false
280,20,0.0,0,1.8232648596086057E-4,true,true,true,false,true,true,false,true,false,true,true,true,true,true,true,true,false,true,false,true
281,20,0.0,0,0.0,true,false,true,true,true,false,true,true,false,true,true,true,true,true,true,false,true,true,true,true
282,20,0.0,0,0.0,true,true,true,true,true,false,true,true,true,true,true,true,true,false,true,false,true,true,false,true
283,20,0.0,0,0.0011568973115910093,true,true,true,false,true,true,true,true,true,true,true,true,false,false,false,true,false,true,true,true
284,20,0.0,0,0.0,true,true,true,true,true,true,true,true,true,true,false,true,false,false,true,true,true,false,true,true
285,20,0.0,0,1.6105653084232566E-4,true,true,true,false,true,false,true,true,true,true,false,false,true,true,true,true,true,true,true,false
286,20,0.0,0,4.38129811604181E-4,true,true,true,true,true,true,true,true,true,true,true,true,false,false,true,false,true,false,true,false
287,20,0.0,0,0.0,true,false,true,true,false,true,true,false,true,true,true,true,true,true,true,false,true,true,true,true
288,20,0.0,0,0.0,false,false,false,true,true,true,true,true,true,true,true,true,false,true,true,true,true,true,true,true
289,20,0.0,0,0.0,true,true,true,true,true,true,true,true,true,true,true,true,true,true,false,true,false,false,true,false
290,20,0.0,0,0.0,true,false,false,true,true,true,true,true,false,true,true,true,true,true,true,false,false,true,true,true
291,20,0.0,0,5.653870074065698E-4,false,true,true,true,true,false,true,true,true,true,true,true,true,false,true,true,true,false,false,true
292,20,0.0,0,0.0,true,false,true,false,true,true,true,true,true,true,true,true,false,true,true,true,true,false,true,true
293,20,0.0,0,0.001100340581608593,true,false,true,true,true,true,true,false,false,true,true,true,false,true,true,true,true,true,false,true
294,20,0.0,0,0.0,true,false,true,true,false,true,true,true,true,true,true,true,true,true,false,true,true,false,true,true
295,20,0.0,0,9.971136184728417E-4,true,false,false,true,true,true,true,true,true,true,false,true,true,true,true,true,false,false,true,true
296,20,0.0,0,0.0011940892581720484,true,true,false,true,false,true,true,true,true,false,true,true,true,true,false,true,true,true,true,false
297,20,0.0,0,0.0,true,false,true,true,true,true,false,true,true,true,false,true,true,false,true,true,true,true,true,false
298,20,0.0,0,0.0013397983922419294,false,true,false,true,true,true,true,true,false,true,true,false,true,true,true,false,true,true,true,true
299,20,0.0,0,0.0,true,false,true,true,true,true,true,false,true,true,true,true,true,false,true,true,true,true,false,true
300,20,0.0,0,2.944929812506135E-4,false,true,true,true,true,false,true,true,false,false,true,true,true,false,true,true,true,true,true,true
301,20,0.0,0,9.546539379474941E-4,false,true,true,true,true,false,true,true,true,false,true,true,true,true,true,true,true,false,true,false
302,20,0.0,0,1.2615112905260502E-4,true,true,false,true,false,true,true,true,false,true,true,true,true,true,true,false,true,true,true,false
303,20,0.0,0,0.0,true,true,true,true,true,true,false,true,false,true,true,false,true,true,true,true,true,true,false,true
304,20,0.0,0,3.7654653039268426E-4,true,true,false,true,true,true,true,true,true,true,true,true,false,false,true,true,true,false,false,false
305,20,0.0,0,5.219887772412893E-4,true,true,true,false,true,true,true,true,true,true,true,true,true,false,false,true,true,true,false,true
306,20,0.0,0,0.0,true,true,true,true,true,true,true,true,true,true,true,true,false,false,true,false,true,false,true,true
307,20,0.0,0,0.0,true,true,true,true,true,true,true,true,true,true,true,false,true,false,true,true,false,true,true,false
308,20,0.0,0,0.0010319917440660474,true,true,true,true,false,false,true,true,true,true,true,true,true,true,true,false,true,true,true,false
309,20,0.0,0,0.0012667703115103357,false,true,true,false,false,true,true,false,true,true,true,true,true,true,true,true,true,true,true,false
310,20,0.0,0,0.0,true,false,true,true,true,true,true,false,true,true,true,true,false,true,false,true,false,true,true,true
311,20,0.0,0,5.33514404888932E-4,false,true,false,false,true,true,true,true,true,true,false,true,true,true,true,true,true,true,true,false
312,20,0.0,0,6.520321669202348E-4,false,true,true,true,true,true,true,false,true,true,true,false,true,false,true,true,true,true,false,true
313,20,0.0,0,6.988527167899366E-4,true,true,true,true,true,false,true,true,true,false,true,true,true,true,false,true,true,true,false,false
314,20,0.0,0,8.546552000427328E-4,true,false,false,true,true,true,true,true,true,true,true,false,true,false,false,true,true,true,true,true
315,20,0.0,0,0.0,false,true,false,true,true,true,true,true,true,true,false,false,true,true,true,true,false,true,true,true
316,20,0.0,0,0.0,true,true,true,true,true,false,true,true,false,true,true,true,false,true,true,true,false,true,false,true
317,20,0.0,0,0.0011046236389458735,true,true,true,false,false,false,true,true,true,true,true,true,true,false,true,false,true,true,true,true
318,20,0.0,0,8.500510030601836E-4,false,true,true,false,true,true,true,true,true,true,false,true,true,false,true,false,true,true,true,true
319,20,0.0,0,6.490824334690505E-4,false,false,true,true,true,true,false,true,true,true,true,true,false,true,true,true,true,false,true,true
320,20,0.0,0,8.115471566865689E-4,true,true,true,true,false,false,true,false,true,true,true,true,false,true,true,true,true,false,true,true
321,20,0.0,0,2.5247743482926214E-4,true,true,true,true,true,false,true,true,true,true,false,false,true,true,false,true,true,true,true,true
322,20,0.015625,0,0.0,false,true,true,true,true,true,true,true,false,true,false,true,true,false,true,true,true,true,true,true
323,20,0.0,0,7.724564113882145E-4,true,false,true,true,true,true,true,true,false,true,true,true,true,true,false,true,true,false,true,false
324,20,0.0,0,0.0,true,true,true,true,false,false,true,false,true,false,true,true,true,true,true,true,true,true,true,false
325,20,0.0,0,0.0013920190905475276,false,true,true,true,true,true,true,true,false,false,true,true,true,true,false,true,true,true,false,true
326,20,0.0,0,9.693209906460525E-5,false,true,true,true,true,true,false,false,true,false,true,true,true,true,true,true,true,true,true,false
327,20,0.0,0,0.0,true,true,true,true,false,true,true,false,false,true,true,true,true,true,false,true,true,false,true,true
328,20,0.0,0,0.0,true,true,false,false,true,true,true,true,true,true,true,true,true,true,true,true,false,false,true,true
329,20,0.0,0,8.708092305778441E-4,true,true,false,false,true,false,true,true,true,true,true,true,true,false,false,true,true,true,true,true
330,20,0.0,0,0.0,false,true,true,true,true,true,false,true,true,false,true,true,true,true,true,true,true,true,false,true
331,20,0.0,0,8.82915583460048E-4,true,true,false,true,false,true,true,false,true,true,true,true,true,true,false,false,true,true,true,true
332,20,0.0,0,0.0,true,false,true,true,true,true,true,true,true,true,false,true,false,true,true,true,false,true,true,false
333,20,0.0,0,7.814942169427947E-4,true,false,true,true,true,true,true,true,true,false,false,true,true,false,true,true,true,false,true,false
334,20,0.0,0,4.8712171953966995E-4,true,true,true,true,true,true,false,true,true,true,false,true,false,true,true,false,true,true,true,false
335,20,0.0,0,0.0,true,true,false,true,false,true,true,false,true,true,true,false,true,true,true,true,true,true,true,true
336,20,0.0,0,0.001306956573397493,false,false,true,true,true,true,false,true,true,true,true,true,true,true,true,true,false,true,true,true
337,20,0.0,0,3.371354722706074E-4,true,true,false,false,true,true,true,true,true,true,false,true,true,false,true,true,true,true,true,false
338,20,0.0,0,0.0,true,true,true,true,true,true,true,true,true,true,true,false,true,true,true,false,false,false,true,true
339,20,0.0,0,0.0,false,true,true,true,true,true,true,false,true,false,true,true,true,false,true,true,true,false,true,true
340,20,0.0,0,0.0,false,true,false,true,true,true,true,true,false,true,true,true,true,true,true,true,true,true,true,false
341,20,0.0,0,6.91085003455425E-4,true,true,true,true,true,true,false,true,true,true,true,true,true,true,false,true,true,false,true,false
342,20,0.0,0,5.428226779252111E-4,true,true,false,true,true,true,true,true,true,true,true,true,true,false,true,false,false,true,true,false
343,20,0.0,0,3.5167043456417983E-4,true,false,true,false,true,true,false,true,true,false,true,true,true,true,true,true,true,true,true,false
344,20,0.0,0,3.528166529460191E-4,false,true,true,true,true,true,true,true,true,true,true,false,true,false,true,true,true,false,true,false
345,20,0.0,0,3.1439949696080485E-4,true,true,true,true,false,false,true,false,true,true,true,true,true,true,false,false,true,true,true,true
346,20,0.0,0,0.0018605175621582003,true,true,false,true,true,true,false,false,true,true,true,true,true,true,true,true,false,true,true,false
347,20,0.0,0,0.0,true,true,false,true,true,true,true,true,false,true,false,false,true,true,true,false,true,true,true,true
348,20,0.0,0,0.0,true,true,false,false,true,true,true,true,true,true,true,true,true,true,true,true,false,true,false,true
349,20,0.0,0,0.0,false,true,false,true,false,true,true,true,true,true,true,true,true,true,true,true,true,true,true,false
350,20,0.0,0,0.0,true,true,true,true,true,true,true,false,false,true,true,true,false,true,true,true,true,true,true,false
351,20,0.0,0,0.0,true,true,false,true,true,true,true,true,true,true,true,false,true,false,true,false,true,true,true,true
352,20,0.0,0,0.0,true,true,true,true,false,false,true,true,true,true,true,false,true,true,true,true,true,false,true,true
353,20,0.0,0,0.0,true,false,true,false,true,true,true,true,true,true,true,false,true,true,false,true,true,true,false,true
354,20,0.0,0,0.0,true,true,true,false,true,true,true,true,true,true,true,true,true,true,true,false,false,true,true,false
355,20,0.0,0,5.335862927610127E-4,false,true,true,false,true,true,true,false,true,true,false,true,true,true,true,true,true,true,false,true
356,20,0.0,0,0.0,false,true,true,true,false,true,false,true,false,true,true,true,true,true,false,true,true,true,true,true
357,20,0.0,0,0.0017594952068923674,true,true,true,true,false,true,true,false,false,true,true,false,true,true,true,false,true,true,true,true
358,20,0.0,0,7.454805243213021E-4,true,true,true,true,true,true,true,true,true,true,true,false,false,true,true,false,true,true,false,true
359,20,0.0,0,4.86039855268132E-4,false,true,false,true,true,true,true,true,false,false,true,true,true,true,true,false,true,true,true,true
360,20,0.0,0,0.0,true,true,true,true,false,true,true,false,true,true,false,true,true,true,true,true,true,true,true,false
361,20,0.0,0,0.0,false,true,true,true,true,true,true,false,true,false,false,true,true,true,true,true,true,false,true,true
362,20,0.0,0,9.125277017338027E-4,true,true,true,true,true,true,true,false,true,true,true,true,true,false,true,true,true,false,true,false
363,20,0.0,0,0.0,true,true,true,false,false,true,true,true,true,true,false,true,true,true,false,true,true,true,true,false
364,20,0.0,0,0.0,true,true,true,true,false,true,true,true,true,true,false,true,false,false,true,true,true,true,true,true
365,20,0.015625,0,6.032818532818533E-4,true,true,true,true,false,true,true,false,true,false,false,true,true,true,true,true,true,false,true,true
366,20,0.0,0,0.0,false,true,true,true,false,true,false,false,true,true,true,true,true,true,true,true,true,false,true,true
367,20,0.0,0,1.6827462418667264E-4,true,false,true,true,true,true,true,true,true,true,true,false,false,true,true,false,true,true,false,true
368,20,0.0,0,8.106073765271264E-4,true,true,true,false,true,true,true,true,true,true,true,false,true,false,true,true,false,true,false,true
369,20,0.0,0,3.6310820624546115E-4,true,true,false,true,true,true,true,true,true,true,false,true,true,true,true,false,false,true,true,true
370,20,0.0,0,0.0,false,true,false,false,true,true,true,true,true,true,true,true,true,false,true,true,true,true,true,true
371,20,0.0,0,3.191998723200511E-4,true,true,false,false,true,true,true,true,false,false,false,true,true,true,true,true,true,true,true,true
372,20,0.0,0,4.42820768294033E-4,false,true,true,true,true,true,false,true,true,false,true,true,false,true,false,true,true,true,true,true
373,20,0.0,0,0.0,true,false,true,true,false,false,true,true,true,true,true,true,true,true,false,true,true,true,true,true
374,20,0.0,0,0.0,true,false,true,true,true,true,true,true,true,false,true,true,true,false,true,true,true,false,true,true
375,20,0.0,0,0.0,true,true,true,false,true,true,true,true,true,true,false,true,true,false,false,true,true,true,false,true
376,20,0.0,0,3.541076487252125E-4,true,true,true,true,true,true,true,true,false,false,true,true,true,true,false,false,true,true,true,false
377,20,0.0,0,3.1469631805307877E-4,true,true,true,false,false,true,true,false,true,true,true,true,false,false,true,true,true,true,true,false
378,20,0.0,0,0.0011020242445333797,false,true,true,false,true,false,true,true,true,true,true,false,true,true,true,true,true,true,true,false
379,20,0.0,0,0.0,true,false,true,false,true,true,true,false,true,true,true,false,true,true,true,true,true,true,true,true
380,20,0.0,0,0.0,true,true,false,true,true,false,true,true,false,true,true,true,true,true,true,true,false,true,true,true
381,20,0.0,0,7.998400319936012E-4,true,true,false,true,true,true,true,true,false,true,true,true,true,false,true,true,false,false,true,true
382,20,0.0,0,0.0013226717970300007,false,true,true,false,true,false,true,true,false,true,true,true,true,true,false,true,true,true,true,true
383,20,0.0,0,0.0,true,false,true,true,true,true,true,true,true,true,false,true,true,true,false,true,false,true,true,true
384,20,0.0,0,0.0,true,true,true,true,true,true,true,true,true,true,true,true,false,true,true,false,true,false,false,true
385,20,0.0,0,2.121790791427965E-4,true,false,true,false,true,true,false,true,true,true,true,true,true,true,true,true,false,false,true,true
386,20,0.0,0,0.0,true,true,true,true,true,false,true,true,false,true,true,false,true,true,false,true,true,true,true,true
387,20,0.0,0,0.0,false,true,false,true,true,false,true,true,true,true,true,true,true,true,true,true,false,true,true,false
388,20,0.0,0,0.0,true,true,true,false,true,false,true,true,true,true,true,false,true,true,true,true,true,true,false,false
389,20,0.0,0,3.8055887789496573E-4,true,true,true,false,true,true,false,true,true,false,true,true,true,true,true,true,true,false,true,false
390,20,0.0,0,6.619328439042003E-4,true,true,true,true,true,true,true,true,true,true,false,false,true,false,false,true,true,true,true,false
391,20,0.0,0,3.508361595135072E-4,false,true,true,true,false,false,false,true,true,true,true,true,true,true,false,true,true,true,true,true
392,20,0.0,0,3.8966822533956805E-4,true,false,true,true,false,true,true,true,true,true,true,false,true,false,true,true,true,true,false,true
393,20,0.0,0,0.0,true,true,true,true,true,true,true,true,true,true,true,false,false,false,true,false,true,true,true,true
394,20,0.0,0,4.808322769593915E-4,false,true,true,true,true,true,true,false,true,true,true,false,true,true,false,false,true,false,true,true
395,20,0.0,0,7.258109541622466E-4,true,true,true,true,false,true,false,true,true,false,true,true,true,true,true,true,false,true,true,false
396,20,0.0,0,2.3014959723820482E-4,true,true,true,false,true,true,true,true,false,true,true,true,true,true,false,false,true,false,true,true
397,20,0.0,0,4.0059516996680784E-4,true,true,true,true,true,false,true,true,true,true,false,true,true,true,false,true,true,false,false,true
398,20,0.0,0,9.932678512305484E-4,true,true,true,true,true,false,false,true,true,true,true,false,true,true,true,false,true,true,true,false
399,20,0.0,0,0.0,true,true,true,true,true,true,false,false,true,false,true,true,true,true,true,true,true,false,true,true
400,20,0.0,0,1.665833749791771E-4,true,true,true,true,true,true,true,false,true,false,true,true,true,true,true,false,false,false,true,true
401,20,0.0,0,4.378044108794396E-4,true,true,true,false,true,true,false,true,true,true,false,true,true,true,true,true,false,false,true,true
402,20,0.0,0,0.0,true,true,true,true,true,false,true,true,true,true,false,true,true,false,true,true,false,false,true,true
403,20,0.0,0,6.05999394000606E-4,true,true,true,true,false,true,true,true,false,true,false,false,true,true,true,true,true,true,false,true
404,20,0.0,0,0.0,true,false,true,true,true,true,false,true,true,true,true,true,true,false,true,true,true,false,true,true
405,20,0.0,0,0.0,true,true,false,true,false,true,true,true,false,true,true,false,true,true,true,true,true,true,true,true
406,20,0.0,0,0.0,false,true,false,false,true,true,true,true,true,true,true,true,true,true,true,true,true,false,true,true
407,20,0.0,0,8.569439237319908E-4,true,true,true,true,true,true,false,false,true,true,true,false,true,false,false,true,true,true,true,true
408,20,0.0,0,1.1503508570113885E-4,true,true,true,true,true,false,true,true,false,false,true,true,false,true,true,true,false,true,true,true
409,20,0.0,0,0.0,true,true,true,true,false,false,true,true,true,false,true,true,true,true,true,true,false,true,true,false
410,20,0.0,0,0.0012147154095326239,false,false,false,true,true,false,true,true,true,false,true,true,true,true,true,true,true,true,true,true
411,20,0.0,0,4.7925874647212314E-4,false,true,false,false,true,true,true,true,true,false,true,true,true,true,true,true,true,false,true,true
412,20,0.0,0,0.0010131712259371835,false,false,true,true,true,false,false,true,true,true,true,true,false,true,true,true,true,true,true,true
413,20,0.0,0,5.434514105034336E-4,true,true,false,true,true,true,false,true,true,true,true,true,true,true,true,false,false,true,true,false
414,20,0.0,0,5.813953488372093E-4,true,true,false,true,false,false,true,true,true,true,true,true,true,true,true,true,true,true,true,false
415,20,0.0,0,0.0010610705022400376,true,true,true,true,true,true,true,true,true,true,true,true,false,true,false,false,false,true,false,true
416,20,0.0,0,0.0,true,true,true,true,false,true,true,true,true,true,true,true,false,true,false,true,true,false,true,false
417,20,0.0,0,0.002007920129399297,true,false,true,true,true,true,true,false,false,true,true,true,true,false,false,true,true,false,true,true
418,20,0.0,0,0.001053370786516854,false,true,false,true,true,true,true,true,true,true,true,false,true,true,false,true,true,true,false,true
419,20,0.0,0,0.0,true,true,true,true,false,true,true,false,true,true,true,true,true,true,false,true,true,false,true,true
420,20,0.0,0,6.899479885362488E-4,false,true,false,true,true,true,true,false,false,true,false,true,true,true,true,true,true,true,true,true
421,20,0.0,0,0.0,true,true,false,true,true,true,true,true,true,false,false,true,false,true,true,true,true,true,true,true
422,20,0.0,0,5.438920918089851E-4,false,true,true,true,true,true,true,true,false,true,true,true,true,false,true,false,true,true,true,false
423,20,0.0,0,0.0,false,true,true,false,true,true,true,true,false,true,true,false,true,true,true,true,true,true,true,false
424,20,0.0,0,0.0,true,true,true,true,true,true,false,true,true,false,true,true,false,true,true,true,true,false,true,false
425,20,0.0,0,1.0149193139145438E-4,true,true,true,true,false,true,false,true,true,false,true,false,true,true,true,true,true,false,true,false
426,20,0.0,0,0.0,false,true,true,true,true,false,true,true,false,true,true,false,true,true,false,true,true,true,true,true
427,20,0.0,0,6.173982836327716E-5,false,true,false,false,true,true,true,true,true,true,true,true,false,true,true,true,false,true,true,true
428,20,0.0,0,1.7851829812555786E-4,true,true,true,false,true,true,true,true,false,true,true,true,true,false,true,true,true,false,true,true
429,20,0.0,0,0.001078325654347613,true,false,true,true,false,true,false,true,true,true,false,true,true,true,false,false,true,true,true,true
430,20,0.0,0,3.788288775841541E-4,true,false,true,true,true,false,true,true,true,true,false,true,true,true,false,true,true,false,true,true
431,20,0.0,0,3.159757330637007E-4,true,true,true,true,true,true,true,true,true,false,true,false,false,true,false,true,true,true,true,true
432,20,0.0,0,0.0012373174956693887,true,false,false,true,true,true,true,true,true,true,true,true,true,false,false,true,true,true,false,true
433,20,0.0,0,0.0,true,true,false,false,true,true,true,true,true,true,true,true,false,false,true,true,true,true,false,true
434,20,0.0,0,9.106595092024539E-4,true,true,true,true,true,true,false,false,true,true,true,true,false,true,true,true,false,true,false,true
435,20,0.0,0,1.9885657469550087E-4,true,false,true,true,true,false,true,true,true,true,true,true,true,false,true,false,true,false,true,true
436,20,0.0,0,0.0,true,true,false,true,true,true,true,true,false,true,false,true,false,true,true,true,true,true,false,true
437,20,0.0,0,2.213491229041005E-4,false,true,true,false,true,true,true,true,false,false,true,true,true,true,false,true,true,false,true,true
438,20,0.0,0,0.0,true,true,false,true,true,true,true,true,false,true,true,true,false,false,false,true,true,true,true,true
439,20,0.0,0,1.2457178449081283E-4,true,false,true,true,true,true,true,false,true,true,true,true,true,true,false,true,true,false,true,false
440,20,0.0,0,5.100595069424766E-4,true,true,false,true,true,false,true,true,true,true,true,true,true,false,true,true,true,true,false,false
441,20,0.0,0,0.0,true,true,true,true,true,true,true,true,true,false,true,true,false,false,true,true,true,true,true,false
442,20,0.015625,0,0.0,true,true,false,true,true,true,false,true,true,true,false,true,true,true,false,false,true,true,true,true
443,20,0.0,0,0.001375844948256266,false,true,false,false,true,true,true,true,true,false,true,true,true,true,true,false,true,true,true,true
444,20,0.0,0,0.0012637179913535085,true,true,true,true,true,true,true,true,true,true,true,false,true,true,true,false,false,true,true,false
445,20,0.0,0,0.0,false,true,true,true,true,true,true,false,true,true,false,true,true,true,true,true,true,true,false,true
446,20,0.0,0,0.001003344481605351,true,false,true,true,true,true,true,true,true,true,false,false,false,true,true,false,true,true,true,true
447,20,0.0,0,4.169707078077765E-4,true,true,false,true,true,false,true,true,true,true,false,true,true,true,false,true,true,true,true,false
448,20,0.0,0,0.0,true,true,true,true,false,true,false,false,true,true,true,false,true,true,true,true,true,true,false,true
449,20,0.0,0,0.0,true,true,true,false,false,false,true,true,false,true,true,true,true,true,false,true,true,true,true,true
450,20,0.0,0,0.0,true,true,true,true,true,true,true,false,true,false,true,false,true,true,true,false,true,true,false,true
451,20,0.0,0,0.0,true,true,true,true,false,true,true,true,false,true,true,true,true,true,true,false,true,false,false,true
452,20,0.0,0,0.0010536297545042672,true,true,true,true,true,false,true,true,true,true,true,false,true,false,false,true,false,true,true,true
453,20,0.0,0,4.474523183623245E-4,true,true,true,true,false,false,true,true,true,true,true,true,true,true,true,true,false,true,false,false
454,20,0.0,0,0.0,false,true,true,true,true,true,true,true,true,false,true,true,true,true,false,true,true,false,true,true
455,20,0.0,0,0.0,true,true,true,true,true,false,true,true,false,true,true,true,true,false,true,false,false,true,true,true
456,20,0.0,0,0.0012959663048760731,false,false,false,true,true,true,true,true,true,true,true,false,true,true,true,true,false,true,true,true
457,20,0.0,0,0.0016083634901487736,true,true,false,false,true,false,true,false,true,true,true,true,true,false,true,true,true,false,true,true
458,20,0.0,0,0.0011611704598235022,true,true,true,true,false,true,true,true,false,false,true,true,true,true,false,true,false,true,true,true
459,20,0.0,0,0.0,false,false,true,false,true,true,true,true,true,true,true,true,true,true,false,true,true,true,false,true
460,20,0.0,0,0.0012688955092132847,true,false,true,true,true,true,true,true,false,true,true,true,true,true,false,true,false,true,true,false
461,20,0.0,0,7.087558608657726E-4,true,false,true,true,false,true,true,true,true,true,true,true,true,false,true,false,true,true,false,true
462,20,0.0,0,0.0,true,true,true,true,true,false,true,true,false,false,true,true,true,true,true,false,true,true,true,true
463,20,0.0,0,4.19639110365086E-4,true,false,true,true,true,true,false,true,true,true,true,false,true,true,false,true,true,true,false,true
464,20,0.0,0,1.7023208307325653E-4,true,false,true,true,false,true,true,true,false,true,true,false,false,true,true,true,true,true,true,true
465,20,0.0,0,0.0,true,true,true,true,true,true,false,false,true,true,false,true,true,false,true,true,true,true,true,false
466,20,0.0,0,0.0,true,true,true,false,true,true,true,true,true,true,true,true,true,true,true,false,true,true,false,false
467,20,0.0,0,0.0,true,false,false,true,true,true,true,false,true,true,true,true,true,true,true,true,true,true,false,false
468,20,0.0,0,0.0013925890046015985,false,true,true,true,true,false,false,true,false,true,true,true,true,true,true,true,false,true,true,true
469,20,0.0,0,5.873558308415207E-4,true,true,true,true,false,true,false,true,false,true,true,false,true,true,true,true,true,false,true,true
470,20,0.0,0,5.542929992794192E-4,true,true,true,false,true,true,true,false,true,true,true,false,true,true,true,true,true,false,true,false
471,20,0.0,0,0.0,false,true,false,true,true,false,true,true,true,true,true,false,true,true,true,true,true,true,true,true
472,20,0.0,0,1.2014176728539677E-4,true,true,false,true,true,true,false,true,true,true,true,true,true,true,false,true,true,false,false,true
473,20,0.0,0,5.992329817833174E-4,true,true,true,true,true,true,true,true,false,true,false,true,true,true,false,true,false,true,true,false
474,20,0.0,0,0.0,true,true,true,true,true,true,true,false,true,false,true,true,true,true,false,true,false,true,true,true
475,20,0.0,0,0.0,true,true,true,true,false,true,true,false,true,true,false,true,false,true,true,true,true,true,true,true
476,20,0.0,0,0.0,true,true,true,false,true,true,false,true,true,false,true,true,true,true,true,true,true,true,false,true
477,20,0.0,0,9.644234890698671E-4,true,true,true,false,true,true,true,true,true,true,true,false,true,false,true,true,true,true,false,false
478,20,0.0,0,4.515692029803567E-4,true,true,true,false,true,true,true,false,true,true,true,true,false,true,false,true,true,false,true,true
479,20,0.0,0,0.001543130497402397,true,true,true,false,true,true,true,true,false,false,true,true,true,false,true,true,false,true,false,true
480,20,0.0,0,0.0,false,true,true,false,true,true,false,true,true,true,true,true,false,true,true,true,true,true,true,true
481,20,0.0,0,0.0,true,false,false,true,true,true,true,true,true,false,true,true,true,true,true,true,false,true,false,true
482,20,0.0,0,4.995504046358277E-5,false,true,true,false,true,false,false,true,true,true,true,true,true,true,true,false,true,true,true,true
483,20,0.0,0,8.416258230605476E-4,true,true,true,true,false,false,true,true,true,false,true,true,true,true,true,false,true,false,true,false
484,20,0.0,0,0.0010439624173529754,true,true,true,true,true,true,true,true,true,true,false,false,true,false,true,false,true,true,false,true
485,20,0.0,0,0.0,false,true,true,false,true,false,true,true,true,true,true,false,true,false,true,true,true,true,true,true
486,20,0.0,0,0.0,true,true,true,false,false,true,false,true,true,true,true,true,true,true,true,true,true,true,false,true
487,20,0.0,0,8.158381377134776E-4,false,false,true,true,true,true,true,true,true,true,true,false,true,false,true,false,true,true,true,true
488,20,0.0,0,0.0,true,true,true,false,true,true,true,true,true,true,true,true,true,false,false,true,false,false,true,true
489,20,0.0,0,3.463403371045948E-4,true,true,false,true,true,true,true,true,false,true,true,true,true,false,true,false,true,true,false,true
490,20,0.0,0,0.0,true,true,true,true,true,false,false,true,false,true,true,true,true,true,false,false,true,true,true,true
491,20,0.0,0,0.0,true,true,true,true,true,true,true,false,true,false,true,false,true,true,true,false,true,true,true,true
492,20,0.0,0,0.0011304544426859599,true,true,true,true,true,true,true,true,true,true,false,true,false,true,true,false,true,false,true,false
493,20,0.0,0,0.0,true,false,true,true,true,true,true,false,true,true,true,false,true,true,true,false,false,true,true,true
494,20,0.0,0,7.246376811594203E-4,true,true,true,true,true,true,true,false,true,true,true,true,false,true,false,true,true,true,false,false
495,20,0.0,0,4.176455233620465E-4,true,true,true,true,true,false,false,false,false,true,true,true,true,true,true,true,false,true,true,true
496,20,0.0,0,5.418879375745096E-5,true,true,false,true,true,true,true,true,true,true,true,false,true,true,false,true,true,false,true,false
497,20,0.0,0,5.636343140570398E-5,true,false,true,true,true,true,true,true,true,true,true,false,true,false,true,true,true,true,true,false
498,20,0.0,0,0.0,false,true,true,true,true,false,true,true,true,true,false,true,false,true,true,true,true,true,true,false
499,20,0.0,0,6.077012319761339E-4,true,false,true,true,false,false,true,true,true,true,true,true,true,false,true,true,false,true,true,false
500,20,0.0,0,4.4279625837161677E-4,true,false,false,true,true,true,false,true,true,true,true,false,false,true,true,true,true,true,true,true
