KnapsackId,NumberOfItems,CpuTime,NodesVisited,Error,Item_0,Item_1,Item_2,Item_3,Item_4,Item_5,Item_6,Item_7,Item_8,Item_9,Item_10,Item_11,Item_12,Item_13,Item_14,Item_15,Item_16,Item_17,Item_18,Item_19,Item_20,Item_21
1,22,0.125,1995320,0.0,true,true,true,false,true,true,true,false,true,true,true,true,true,true,true,true,true,true,false,true,true,false
2,22,0.125,1834011,0.0,false,false,true,true,true,true,true,true,true,true,true,false,true,false,true,true,true,true,true,true,false,false
3,22,0.125,1829790,0.0,false,true,false,false,true,true,true,true,true,false,true,true,true,true,true,true,true,true,true,true,false,true
4,22,0.140625,1933754,0.0,false,true,true,true,true,true,true,true,true,true,true,false,true,true,false,true,true,true,false,false,true,true
5,22,0.140625,1904071,0.0,true,false,true,true,true,true,true,true,true,true,true,false,true,true,false,true,true,false,true,true,false,true
6,22,0.203125,1919849,0.0,true,true,true,true,false,true,true,true,true,true,true,false,true,true,false,false,false,true,true,true,true,false
7,22,0.140625,1863522,0.0,true,false,true,true,true,true,false,true,true,false,true,true,true,true,true,true,false,true,false,true,true,true
8,22,0.109375,1847293,0.0,true,false,true,true,true,true,true,true,true,false,true,false,true,true,true,false,false,false,true,true,true,true
9,22,0.125,1902280,0.0,true,true,false,false,true,true,false,false,true,true,true,true,false,true,true,true,true,true,true,true,true,true
10,22,0.125,1920096,0.0,true,true,false,true,true,true,true,true,true,false,false,true,true,true,true,false,true,true,false,false,true,true
11,22,0.140625,1816523,0.0,true,true,true,true,true,false,true,true,false,true,false,false,true,false,true,true,true,true,true,true,true,true
12,22,0.125,1906108,0.0,true,false,true,true,true,true,true,false,true,true,false,false,false,true,true,true,false,true,true,true,true,true
13,22,0.140625,1771301,0.0,true,true,true,true,false,true,true,true,true,true,false,false,true,true,true,false,false,true,true,true,true,true
14,22,0.140625,1823868,0.0,true,true,true,true,true,false,true,true,true,true,false,true,true,false,false,true,true,false,true,true,true,true
15,22,0.109375,1761029,0.0,true,true,false,true,false,true,false,true,false,true,true,true,true,true,true,true,true,true,true,true,false,true
16,22,0.140625,1967618,0.0,false,true,false,true,true,false,true,true,true,true,true,false,true,true,true,true,false,true,true,true,true,true
17,22,0.125,1784044,0.0,true,false,true,false,false,true,true,true,true,true,true,true,true,true,false,false,true,true,true,true,true,true
18,22,0.125,1738531,0.0,true,true,true,true,false,true,true,true,false,true,false,true,true,false,true,true,true,true,false,true,true,true
19,22,0.125,1777416,0.0,false,true,true,false,true,false,true,false,true,true,true,true,true,true,true,true,true,true,true,true,false,true
20,22,0.125,1668545,0.0,false,true,true,true,true,false,true,true,true,true,true,true,true,true,false,true,true,true,false,true,true,true
21,22,0.140625,1909089,0.0,false,true,true,false,true,true,true,false,true,true,false,true,true,true,true,true,true,true,true,true,true,false
22,22,0.125,1742423,0.0,true,true,true,true,false,true,true,false,true,true,true,false,true,true,true,true,true,true,false,false,true,true
23,22,0.125,1948735,0.0,false,true,true,false,true,true,true,false,true,true,true,true,true,true,true,true,true,false,false,true,true,true
24,22,0.140625,1926494,0.0,false,true,false,true,true,true,true,true,true,true,true,true,false,true,true,true,true,true,false,true,false,false
25,22,0.125,1837879,0.0,true,false,true,true,true,true,false,true,false,true,true,true,true,true,true,true,true,true,true,true,false,false
26,22,0.140625,1957890,0.0,true,true,false,false,true,false,true,true,true,true,true,false,true,true,false,true,true,true,true,true,true,false
27,22,0.140625,1806399,0.0,true,true,true,true,true,false,true,false,true,true,true,true,false,false,true,false,true,true,true,true,true,false
28,22,0.15625,1853363,0.0,true,true,true,true,true,true,true,true,false,true,true,false,true,false,true,true,true,true,false,true,false,true
29,22,0.140625,1807829,0.0,false,true,true,true,true,false,false,true,true,true,true,true,true,true,true,true,true,true,false,true,true,true
30,22,0.140625,1776910,0.0,false,true,true,true,true,true,true,true,false,true,false,true,true,false,true,true,true,true,false,true,true,true
31,22,0.140625,1885643,0.0,true,true,true,true,true,true,true,false,false,false,true,true,true,false,true,true,true,true,true,false,true,false
32,22,0.140625,1874713,0.0,true,true,true,true,true,true,true,false,true,true,false,true,true,true,true,true,true,true,false,true,false,false
33,22,0.125,1924496,0.0,false,false,true,true,true,true,true,true,false,true,true,true,true,true,true,true,true,true,true,true,true,false
34,22,0.140625,1936911,0.0,false,true,false,true,true,false,false,false,true,true,true,true,false,true,true,true,true,true,true,true,true,true
35,22,0.140625,1822710,0.0,true,true,true,false,true,false,true,false,true,true,true,true,true,true,false,true,true,true,true,true,true,true
36,22,0.125,1903415,0.0,true,true,true,false,false,true,true,true,true,true,true,true,false,true,false,true,true,true,true,false,true,true
37,22,0.125,1859890,0.0,false,false,true,true,true,true,true,true,true,true,true,true,true,false,true,true,true,true,false,true,false,true
38,22,0.140625,1912809,0.0,true,false,true,false,true,true,true,true,true,true,true,true,true,true,true,true,true,false,false,false,true,true
39,22,0.140625,1891287,0.0,true,false,true,false,false,true,true,true,true,true,true,true,true,true,true,true,true,true,true,true,false,false
40,22,0.140625,1926074,0.0,true,true,true,false,false,true,false,true,false,true,false,true,true,true,true,true,true,true,true,true,true,true
41,22,0.140625,1898747,0.0,true,true,true,true,true,true,true,true,true,false,true,false,true,true,true,true,false,true,false,false,true,true
42,22,0.15625,1965975,0.0,true,true,true,true,true,true,true,false,false,true,true,true,false,false,true,true,true,true,true,true,true,false
43,22,0.125,1871530,0.0,false,true,true,true,false,true,true,true,true,true,true,false,false,true,true,true,false,true,true,true,true,true
44,22,0.140625,1890245,0.0,true,false,true,true,false,true,true,true,false,true,true,true,false,true,true,true,true,true,true,false,true,true
45,22,0.125,1848487,0.0,true,true,false,true,true,true,true,true,true,true,true,true,false,false,true,false,true,true,true,false,true,true
46,22,0.140625,1949917,0.0,true,true,true,true,true,true,true,false,true,false,true,false,true,true,false,true,false,true,true,true,true,true
47,22,0.125,1777767,0.0,true,true,true,true,true,true,true,true,false,true,true,true,true,false,true,true,false,true,false,false,true,true
48,22,0.140625,1879565,0.0,true,true,true,true,true,true,true,true,true,false,false,true,true,true,false,true,true,true,true,false,false,true
49,22,0.140625,1860784,0.0,true,false,true,true,true,true,false,false,true,true,true,true,true,true,true,false,true,true,true,true,false,true
50,22,0.140625,1935987,0.0,true,false,true,true,true,true,true,false,true,true,true,false,true,true,false,true,true,true,true,true,true,false
51,22,0.140625,1771080,0.0,false,true,true,true,true,false,true,true,true,true,true,false,false,false,true,true,true,true,true,false,true,true
52,22,0.125,1686795,0.0,false,true,true,true,true,true,true,true,false,true,false,true,true,false,true,true,true,true,true,false,true,true
53,22,0.125,1893094,0.0,true,true,true,true,true,true,false,true,true,true,true,true,true,true,true,true,false,false,false,false,true,false
54,22,0.125,1836915,0.0,false,true,true,true,true,true,true,true,false,false,true,false,true,false,true,true,true,false,true,true,true,true
55,22,0.125,1728622,0.0,true,true,true,false,true,true,true,true,true,true,false,true,false,true,true,false,true,true,true,true,false,true
56,22,0.140625,1938272,0.0,true,true,true,false,true,false,true,false,true,false,true,true,true,true,true,true,true,true,true,true,false,true
57,22,0.15625,1859442,0.0,true,true,true,true,true,false,true,true,false,false,true,true,false,true,true,true,true,true,true,true,false,true
58,22,0.140625,1968068,0.0,true,false,true,true,true,false,false,false,true,true,true,true,true,true,true,true,true,true,true,true,true,false
59,22,0.125,1777668,0.0,true,false,true,false,true,true,true,false,true,true,true,true,true,false,true,false,true,true,true,true,true,true
60,22,0.140625,1898956,0.0,true,true,true,false,true,true,true,false,true,true,true,true,true,true,true,true,false,true,true,true,false,false
61,22,0.125,1881202,0.0,true,false,true,true,false,true,false,false,true,true,true,true,false,true,true,true,false,true,true,true,true,true
62,22,0.125,1896025,0.0,true,true,false,true,false,true,true,true,false,true,true,true,false,true,true,true,true,true,false,true,true,true
63,22,0.1875,1881811,0.0,true,true,true,true,true,false,true,false,false,true,true,true,true,true,true,true,false,true,false,true,true,false
64,22,0.140625,1898062,0.0,false,true,true,true,true,true,false,false,true,false,false,true,true,true,true,true,true,true,true,true,true,true
65,22,0.125,1742360,0.0,false,true,true,true,true,true,true,true,true,true,false,false,true,false,true,true,true,true,true,false,true,true
66,22,0.140625,1981699,0.0,true,false,true,true,true,true,true,true,true,true,true,false,true,true,true,true,false,true,true,true,false,false
67,22,0.140625,1943471,0.0,true,true,true,true,true,true,true,false,true,false,true,true,true,true,true,false,true,true,false,false,true,true
68,22,0.140625,1920940,0.0,true,true,true,true,true,true,true,true,false,true,true,true,true,true,false,true,false,true,false,true,false,false
69,22,0.140625,1730398,0.0,true,true,true,false,false,true,true,true,true,true,true,false,true,true,true,true,false,false,true,true,true,true
70,22,0.140625,1935437,0.0,true,true,true,false,true,true,false,true,true,true,true,true,true,false,true,true,true,true,false,true,true,false
71,22,0.140625,1827599,0.0,true,true,false,true,true,true,true,true,true,true,true,true,true,true,false,true,true,false,false,true,false,true
72,22,0.140625,2009639,0.0,true,true,true,true,true,false,true,true,true,true,true,true,false,true,true,true,false,true,false,true,true,false
73,22,0.109375,1749710,0.0,false,true,true,true,true,true,false,true,true,true,false,true,true,true,true,false,false,true,true,true,false,true
74,22,0.140625,1986374,0.0,true,true,false,true,true,true,false,false,false,true,false,true,true,true,true,true,true,true,true,true,true,true
75,22,0.140625,1882059,0.0,false,false,true,true,true,true,false,false,true,true,true,true,true,true,true,true,true,false,true,true,true,true
76,22,0.125,1746869,0.0,true,false,true,false,false,true,true,false,true,true,true,true,true,true,true,true,false,true,true,true,true,true
77,22,0.140625,1890698,0.0,true,true,false,true,true,true,true,true,true,true,false,true,true,true,true,true,false,false,false,true,true,false
78,22,0.15625,1939870,0.0,false,true,true,true,false,true,true,false,false,true,true,true,true,true,true,true,true,true,false,true,true,true
79,22,0.140625,1952959,0.0,true,false,true,true,false,true,true,true,true,true,true,true,false,true,true,true,true,true,false,true,false,true
80,22,0.125,1852227,0.0,true,true,true,true,false,true,true,true,true,false,true,true,false,true,false,true,true,true,true,true,true,false
81,22,0.140625,1872735,0.0,false,true,true,true,true,true,true,true,true,true,true,false,false,true,false,true,true,true,true,false,false,true
82,22,0.125,1877193,0.0,true,true,true,false,true,true,true,false,false,true,true,true,true,false,true,true,true,true,false,false,true,true
83,22,0.125,1780581,0.0,true,true,true,true,false,true,true,false,false,true,true,true,true,true,true,true,true,true,false,false,true,true
84,22,0.15625,1959183,0.0,true,true,true,true,true,true,false,true,true,true,true,true,false,false,true,true,true,false,true,true,true,false
85,22,0.15625,1865916,0.0,true,true,true,false,true,true,true,true,false,true,true,true,false,true,true,false,true,true,false,true,true,true
86,22,0.140625,1851540,0.0,true,true,true,false,true,true,true,false,false,true,true,true,true,true,false,true,true,true,true,false,true,true
87,22,0.125,1813375,0.0,true,true,true,true,false,true,false,false,false,true,true,true,true,true,true,true,false,true,true,true,true,true
88,22,0.140625,1910996,0.0,true,false,true,true,true,false,true,true,true,true,false,true,false,true,false,true,true,true,false,true,true,true
89,22,0.125,1713956,0.0,true,true,true,false,true,true,true,true,false,true,true,true,true,true,true,false,false,true,true,true,false,true
90,22,0.140625,1893649,0.0,true,true,true,true,false,true,false,true,true,false,true,true,true,true,true,false,true,true,true,false,true,true
91,22,0.140625,1915004,0.0,true,true,false,true,true,true,true,true,true,false,false,false,false,true,true,true,true,true,true,true,true,true
92,22,0.203125,1959608,0.0,false,true,true,true,true,false,true,true,true,false,true,false,false,false,true,true,true,true,true,true,true,true
93,22,0.140625,1902871,0.0,true,true,false,false,true,false,true,true,true,true,true,true,false,true,true,true,true,true,true,true,false,true
94,22,0.125,1924652,0.0,true,true,true,true,true,true,true,true,false,false,false,true,false,true,true,false,true,true,true,true,true,true
95,22,0.109375,1877628,0.0,true,true,true,true,true,true,true,true,true,false,false,false,true,false,true,true,false,true,true,true,true,true
96,22,0.140625,1927983,0.0,true,true,true,true,true,false,true,true,true,false,true,true,false,true,false,true,true,true,true,true,false,false
97,22,0.125,1726030,0.0,true,true,true,true,false,true,true,true,false,false,true,true,true,false,true,true,true,false,false,true,true,true
98,22,0.140625,1944100,0.0,true,true,true,true,true,false,true,true,false,false,true,false,true,false,true,true,true,true,true,true,true,true
99,22,0.15625,1773626,0.0,true,false,true,true,true,true,true,true,true,true,false,false,true,true,true,true,true,false,true,true,false,true
100,22,0.125,1669885,0.0,true,true,true,true,true,true,true,false,true,true,true,true,true,false,false,true,true,true,false,true,true,true
101,22,0.140625,1874109,0.0,true,false,true,false,true,true,true,true,true,true,true,true,false,true,true,true,true,true,false,false,true,true
102,22,0.140625,1919197,0.0,false,true,true,false,true,true,true,true,true,true,true,true,true,true,true,false,true,false,false,true,true,true
103,22,0.140625,1960051,0.0,true,true,true,true,false,false,true,true,false,true,true,true,true,true,true,true,true,true,false,true,true,false
104,22,0.125,1755974,0.0,false,true,true,false,true,true,true,true,true,true,true,true,false,false,false,true,true,true,true,true,true,true
105,22,0.140625,1804949,0.0,true,true,false,true,false,true,true,true,true,true,true,false,true,true,true,false,true,true,true,true,false,false
106,22,0.125,1831587,0.0,true,true,true,false,true,false,true,true,true,true,true,true,true,true,true,true,true,false,false,true,false,true
107,22,0.15625,1911978,0.0,false,true,true,true,true,false,false,true,false,true,true,true,true,true,true,true,true,true,true,false,true,false
108,22,0.125,1786814,0.0,true,true,true,true,true,false,true,true,true,true,false,true,false,true,false,true,true,true,true,false,true,true
109,22,0.140625,1959490,0.0,false,false,true,true,true,true,true,true,true,true,true,true,true,true,false,true,true,true,true,true,true,false
110,22,0.125,1750872,0.0,true,false,true,false,true,true,false,false,true,true,true,false,true,true,true,true,true,true,true,false,true,true
111,22,0.125,1908723,0.0,true,true,false,true,true,true,true,true,true,true,true,true,true,false,true,true,false,false,true,true,true,false
112,22,0.140625,1825375,0.0,true,true,true,true,true,true,false,true,true,true,true,true,true,true,false,true,true,false,true,false,false,true
113,22,0.15625,1953802,0.0,false,true,true,true,true,false,true,true,false,true,false,true,true,true,true,true,true,false,true,true,true,false
114,22,0.140625,1866855,0.0,true,false,true,true,true,true,true,true,false,true,true,true,true,false,true,false,false,true,true,true,false,true
115,22,0.140625,1861516,0.0,true,true,false,true,false,false,true,true,true,true,true,false,true,true,true,true,true,true,false,true,true,true
116,22,0.125,1877612,0.0,false,true,false,true,true,true,true,true,true,false,false,true,true,true,false,true,true,true,true,true,true,true
117,22,0.125,1756404,0.0,true,true,true,true,false,true,true,true,true,true,true,true,true,false,false,false,true,false,true,true,true,true
118,22,0.125,1968146,0.0,true,true,false,false,true,true,true,true,true,true,true,false,false,true,true,true,true,true,false,true,true,true
119,22,0.140625,1914076,0.0,true,true,true,true,true,true,true,true,true,true,true,true,true,false,false,true,false,false,true,true,true,true
120,22,0.15625,1904345,0.0,true,true,false,false,true,true,true,true,true,false,true,true,true,true,false,false,true,true,true,true,true,false
121,22,0.125,1839424,0.0,true,true,true,true,true,true,true,true,false,true,true,true,false,false,false,true,true,true,true,true,false,true
122,22,0.140625,1787354,0.0,true,false,false,true,true,true,true,true,false,true,true,true,true,true,true,true,true,false,true,true,false,true
123,22,0.140625,1910877,0.0,true,true,false,false,true,true,true,true,false,true,true,true,false,true,true,true,true,true,true,false,true,true
124,22,0.140625,1895837,0.0,true,true,false,true,true,false,true,false,true,true,true,true,false,true,true,true,true,false,true,true,true,true
125,22,0.125,1817906,0.0,true,false,true,true,false,true,true,true,true,true,true,true,true,false,true,true,true,true,true,false,true,false
126,22,0.125,1830027,0.0,false,true,true,true,true,true,false,true,true,true,false,true,false,true,true,true,false,true,true,true,true,false
127,22,0.140625,1998368,0.0,true,false,true,true,true,true,true,false,false,true,true,true,true,true,true,true,true,false,true,true,true,false
128,22,0.15625,1853690,0.0,true,true,true,true,true,true,true,true,true,true,true,false,true,true,false,true,false,false,false,true,true,true
129,22,0.125,1823004,0.0,false,false,true,true,false,true,true,false,false,true,true,true,true,true,true,true,true,true,true,true,true,true
130,22,0.140625,1833466,0.0,true,false,true,true,false,true,true,true,false,true,true,true,true,true,false,true,true,false,false,true,true,true
131,22,0.125,1945778,0.0,true,true,false,true,false,false,true,true,false,true,true,true,true,true,true,true,true,true,true,true,true,true
132,22,0.125,1770217,0.0,true,true,true,true,true,true,true,true,false,false,true,true,true,true,false,false,false,true,true,true,true,true
133,22,0.125,1877195,0.0,true,true,false,true,true,false,true,false,true,true,true,true,true,false,false,true,true,true,true,true,true,false
134,22,0.140625,1894959,0.0,true,true,true,false,false,true,true,true,true,false,false,true,true,true,true,true,true,true,true,false,true,true
135,22,0.1875,1909436,0.0,true,true,true,true,true,true,true,true,true,false,true,true,false,true,true,false,true,true,false,false,false,true
136,22,0.15625,1942038,0.0,false,true,true,true,true,false,true,true,false,true,false,true,true,true,true,true,true,true,true,false,true,false
137,22,0.140625,1881096,0.0,false,true,true,true,false,true,true,true,false,true,false,true,false,true,true,true,true,true,true,true,true,true
138,22,0.125,1919052,0.0,true,true,true,true,false,true,true,true,true,false,false,true,true,true,true,false,true,true,true,true,true,false
139,22,0.140625,1784675,0.0,true,true,false,false,true,true,false,true,true,true,false,true,true,true,false,true,true,true,true,true,true,true
140,22,0.125,1804189,0.0,true,false,false,true,true,true,false,true,true,true,false,true,true,true,true,true,true,true,false,true,true,true
141,22,0.109375,1801208,0.0,true,false,true,false,true,true,true,true,true,true,true,true,true,true,true,true,false,true,false,true,false,true
142,22,0.140625,1866648,0.0,false,true,true,true,false,true,true,true,false,true,true,false,true,true,true,false,true,true,true,true,true,true
143,22,0.125,1843512,0.0,true,true,true,true,false,false,false,true,true,true,true,true,true,false,true,true,true,false,true,true,true,true
144,22,0.140625,1937670,0.0,true,true,true,true,false,true,false,false,true,true,true,true,false,true,true,true,true,true,false,true,true,false
145,22,0.140625,1918061,0.0,true,true,true,true,true,true,false,false,false,true,true,true,true,true,true,true,false,true,true,true,false,false
146,22,0.140625,1882216,0.0,true,true,false,true,true,true,false,false,true,true,true,false,true,false,true,false,true,true,true,true,true,true
147,22,0.125,1750270,0.0,true,false,true,true,true,false,false,true,true,true,true,true,true,true,true,true,true,true,true,false,true,true
148,22,0.109375,1673049,0.0,true,true,false,false,true,true,true,true,false,true,true,true,true,true,true,true,true,true,true,true,false,true
149,22,0.15625,1867813,0.0,true,true,false,true,false,true,true,false,true,true,false,true,true,true,true,true,true,true,true,true,false,true
150,22,0.125,1779483,0.0,true,true,true,true,false,true,true,true,false,false,false,true,false,true,true,true,true,false,true,true,true,true
151,22,0.125,1875479,0.0,true,false,true,true,true,true,true,true,true,true,true,true,true,true,false,false,true,false,true,true,false,true
152,22,0.125,1853751,0.0,true,false,true,false,false,true,true,true,false,true,true,true,true,true,false,true,true,true,true,true,true,true
153,22,0.140625,1905879,0.0,true,true,true,false,true,true,false,true,false,true,true,true,true,false,true,true,false,true,true,false,true,true
154,22,0.140625,1897971,0.0,false,true,false,true,true,true,true,true,true,true,true,false,false,false,true,true,true,true,true,true,true,true
155,22,0.125,1872452,0.0,false,true,false,true,true,true,true,true,false,true,false,true,true,true,true,true,true,true,true,false,true,true
156,22,0.125,1933786,0.0,true,true,false,true,false,false,true,true,false,true,true,true,true,true,false,true,true,true,true,true,true,false
157,22,0.125,1785526,0.0,false,false,true,true,true,true,false,true,true,false,true,true,false,true,true,true,true,true,true,false,true,true
158,22,0.140625,1773383,0.0,true,true,true,false,true,true,true,false,false,false,true,true,true,true,true,true,true,true,false,true,true,true
159,22,0.140625,1920468,0.0,false,false,true,true,true,true,true,true,true,false,true,true,true,false,true,true,true,true,true,true,true,false
160,22,0.125,1737750,0.0,false,false,true,true,true,true,true,true,true,false,true,true,false,true,true,false,true,true,true,true,true,true
161,22,0.140625,1851911,0.0,true,true,true,true,true,true,true,false,true,false,true,true,true,false,true,true,true,false,true,false,true,true
162,22,0.125,1859267,0.0,true,false,true,true,true,true,false,true,true,true,false,false,true,true,true,true,true,false,true,false,true,true
163,22,0.140625,1921756,0.0,false,true,true,true,false,true,false,false,true,true,true,false,true,true,true,true,false,true,true,true,true,true
164,22,0.140625,1874638,0.0,true,false,true,true,false,false,false,true,true,true,true,true,true,true,true,true,false,true,true,false,true,true
165,22,0.15625,1922361,0.0,true,true,true,false,false,true,true,false,true,true,false,true,true,true,true,false,false,true,true,true,true,true
166,22,0.140625,1857085,0.0,true,true,false,true,true,false,false,true,false,true,true,false,true,true,true,true,true,true,true,true,true,true
167,22,0.125,1783278,0.0,false,false,true,true,false,true,false,true,true,true,true,true,true,true,true,true,true,true,false,false,true,true
168,22,0.125,1884407,0.0,true,true,true,true,false,true,false,true,false,false,true,true,true,true,true,true,true,true,false,true,true,true
169,22,0.125,1956314,0.0,true,true,true,true,true,true,true,true,true,true,false,true,false,true,false,false,true,true,true,true,false,true
170,22,0.125,1757085,0.0,true,true,true,true,true,false,true,false,false,true,true,true,true,true,true,true,false,true,true,false,true,true
171,22,0.125,1845318,0.0,true,true,true,true,true,true,true,true,true,true,false,true,true,true,false,false,false,true,true,true,false,true
172,22,0.140625,1815446,0.0,true,true,true,false,true,false,true,true,true,true,false,true,true,true,true,false,false,true,true,true,false,true
173,22,0.140625,1945542,0.0,true,true,true,false,true,true,false,false,true,true,true,true,false,true,true,true,true,true,true,true,false,true
174,22,0.140625,1912494,0.0,true,true,true,true,true,true,false,false,true,true,true,true,true,true,true,true,false,false,true,true,true,false
175,22,0.140625,1944556,0.0,true,true,true,true,true,false,true,true,true,true,true,true,true,true,false,false,true,true,false,false,true,true
176,22,0.125,1860436,0.0,false,true,false,true,true,true,true,false,false,false,true,true,true,true,true,true,true,true,true,true,true,false
177,22,0.125,1889192,0.0,true,true,true,true,false,true,true,false,false,true,false,true,true,true,true,true,true,true,false,true,true,true
178,22,0.140625,1818776,0.0,true,true,false,true,true,true,false,true,true,false,true,true,true,true,false,true,true,true,true,true,true,true
179,22,0.15625,1784738,0.0,true,true,true,false,true,true,true,false,false,true,true,true,true,true,true,false,false,true,false,true,true,true
180,22,0.140625,1955316,0.0,true,true,true,true,true,true,false,true,false,true,false,true,true,true,true,false,false,true,true,true,true,true
181,22,0.140625,1920036,0.0,true,false,true,true,false,true,true,true,true,true,true,true,false,true,true,false,false,true,true,true,true,true
182,22,0.125,1935537,0.0,true,true,true,true,true,false,true,true,true,false,true,true,true,true,true,false,true,true,true,false,true,true
183,22,0.140625,1907243,0.0,true,false,false,false,true,true,true,true,true,false,true,true,true,true,true,true,false,true,true,true,true,true
184,22,0.140625,1809251,0.0,true,false,false,true,true,true,false,true,true,true,true,true,true,false,true,true,true,true,false,true,true,true
185,22,0.140625,1799892,0.0,true,true,true,true,true,true,true,true,false,true,false,true,true,true,true,false,false,false,true,true,true,true
186,22,0.125,1829540,0.0,true,true,true,true,true,true,true,true,false,true,true,true,false,false,true,true,true,true,false,false,true,true
187,22,0.125,1801178,0.0,true,true,true,false,false,true,true,true,true,true,true,true,true,true,true,true,false,false,true,true,false,true
188,22,0.140625,1775385,0.0,true,false,true,false,false,true,true,true,false,true,false,true,true,true,true,true,true,true,true,true,false,true
189,22,0.140625,1955865,0.0,true,true,true,false,false,true,false,true,true,true,true,true,true,true,true,true,true,true,true,true,false,true
190,22,0.125,1806616,0.0,false,true,false,true,true,true,true,true,true,true,true,false,true,true,false,true,true,true,true,false,true,true
191,22,0.140625,1966899,0.0,true,true,false,true,true,false,true,true,false,true,true,true,true,true,false,false,true,true,true,true,true,true
192,22,0.15625,1970579,0.0,true,false,true,true,true,false,true,true,true,true,true,false,true,true,true,true,true,true,false,true,true,false
193,22,0.15625,1866798,0.0,true,true,true,true,true,true,false,false,false,true,true,false,true,true,true,true,true,true,true,true,false,true
194,22,0.140625,1761151,0.0,true,true,false,true,true,true,true,true,true,false,true,true,true,false,true,true,false,false,true,true,true,true
195,22,0.109375,1737655,0.0,true,true,true,true,false,false,true,true,true,false,true,true,true,true,true,false,false,true,false,true,true,true
196,22,0.109375,1878648,0.0,true,false,true,true,false,true,true,true,true,true,true,true,true,true,false,true,true,true,true,false,false,false
197,22,0.140625,1981493,0.0,true,true,false,true,false,true,true,false,false,true,true,false,true,true,true,true,false,true,true,true,true,true
198,22,0.140625,1933835,0.0,true,false,false,true,false,true,true,true,true,true,true,false,true,true,true,false,true,true,true,true,true,true
199,22,0.109375,1720474,0.0,true,false,true,false,true,true,false,true,true,true,false,true,false,true,true,true,false,true,true,true,true,true
200,22,0.125,1673175,0.0,true,false,true,true,false,true,true,true,true,true,false,false,true,false,true,true,true,true,true,true,true,true
201,22,0.140625,1705065,0.0,true,true,true,true,true,false,false,true,true,false,true,true,true,true,true,false,true,true,true,true,true,true
202,22,0.125,1903888,0.0,true,true,true,true,false,false,true,true,true,true,false,true,true,true,true,true,true,true,false,true,true,false
203,22,0.125,1809060,0.0,true,true,true,false,false,true,true,true,true,true,false,true,true,false,true,true,false,false,true,true,true,true
204,22,0.125,1846853,0.0,true,true,true,true,true,true,true,true,true,true,false,true,false,true,true,false,false,true,false,true,true,true
205,22,0.140625,1902699,0.0,false,false,true,true,true,true,false,true,true,true,true,false,true,true,true,true,true,true,true,true,false,true
206,22,0.125,1787984,0.0,false,true,true,false,false,true,true,true,true,true,true,true,true,true,false,false,false,true,true,true,true,true
207,22,0.140625,1824050,0.0,false,true,false,true,true,false,true,true,true,true,true,true,true,true,false,true,true,false,true,true,true,true
208,22,0.140625,1753700,0.0,true,false,true,false,true,true,true,true,true,false,true,true,true,true,true,false,true,false,false,true,true,true
209,22,0.140625,1779106,0.0,true,true,true,true,true,false,true,true,false,true,false,true,true,true,true,true,false,true,true,false,true,true
210,22,0.140625,1932276,0.0,false,false,true,true,true,true,true,false,true,false,true,true,true,true,true,true,true,true,true,true,true,false
211,22,0.125,1878686,0.0,true,true,true,true,true,true,false,true,false,true,true,false,false,true,true,false,true,true,true,true,true,true
212,22,0.140625,1811728,0.0,true,true,false,true,true,false,false,true,true,true,true,true,true,false,false,true,true,true,true,true,true,true
213,22,0.125,1861446,0.0,true,true,true,false,true,true,false,false,true,true,true,true,true,true,true,false,true,true,false,true,true,true
214,22,0.125,1938175,0.0,true,true,false,false,true,true,false,true,true,true,true,true,true,false,true,true,true,true,true,true,true,false
215,22,0.171875,1797380,0.0,true,true,true,false,false,true,true,true,false,true,true,true,true,true,true,true,true,true,false,true,false,true
216,22,0.140625,1802005,0.0,true,false,true,true,true,true,true,true,true,true,false,true,false,true,true,true,false,true,false,true,true,true
217,22,0.140625,1923391,0.0,true,false,true,true,true,true,false,true,true,true,true,false,false,true,true,true,true,true,true,true,true,false
218,22,0.140625,1939226,0.0,true,false,true,true,false,true,true,false,true,true,true,true,true,true,false,false,true,true,true,true,true,true
219,22,0.125,1805269,0.0,true,false,true,true,true,true,true,true,true,false,false,false,true,true,true,true,false,true,true,true,true,true
220,22,0.140625,1913732,0.0,false,true,false,true,true,false,false,false,true,true,true,true,true,true,true,true,true,true,true,true,true,true
221,22,0.140625,1984928,0.0,true,true,true,true,false,true,true,false,true,true,true,true,true,true,false,true,false,false,false,true,true,true
222,22,0.140625,1729434,0.0,true,false,false,false,true,true,true,true,true,true,true,true,true,true,true,true,false,true,true,true,true,false
223,22,0.140625,1785994,0.0,true,true,false,true,true,true,true,false,true,true,false,true,true,true,true,true,true,true,true,false,true,true
224,22,0.140625,1903242,0.0,true,true,true,true,true,false,true,true,true,true,true,true,true,true,false,true,true,true,true,false,true,false
225,22,0.140625,1922088,0.0,true,true,true,true,true,false,true,false,true,true,false,true,true,true,true,false,false,true,true,false,true,true
226,22,0.140625,1953269,0.0,true,false,false,true,true,true,false,true,false,true,true,true,true,true,true,true,true,true,true,false,true,true
227,22,0.125,1772758,0.0,true,false,true,true,true,true,true,true,false,true,false,true,true,true,true,true,false,true,true,true,false,true
228,22,0.140625,1849095,0.0,false,true,true,true,true,false,false,true,true,true,true,true,true,true,true,true,false,true,true,true,false,true
229,22,0.125,1798465,0.0,true,true,false,true,false,true,true,true,true,true,true,true,true,true,false,true,false,false,true,true,true,true
230,22,0.140625,1917438,0.0,true,true,true,true,true,false,true,false,false,true,true,false,true,true,true,true,true,true,true,true,true,false
231,22,0.125,1751810,0.0,true,true,false,true,true,true,true,true,false,true,true,false,true,false,true,true,false,true,true,true,true,true
232,22,0.125,1939564,0.0,true,true,false,true,true,true,true,false,true,true,true,false,true,true,true,true,true,true,false,true,true,true
233,22,0.125,1738557,0.0,false,true,true,true,true,false,true,false,false,true,true,true,true,false,true,true,true,true,true,true,true,true
234,22,0.125,1877654,0.0,false,true,true,true,false,true,true,true,false,true,true,true,true,false,true,true,false,true,true,false,true,true
235,22,0.140625,1861707,0.0,true,true,true,false,false,true,true,false,true,false,true,true,true,true,true,true,true,false,true,true,true,false
236,22,0.140625,1950809,0.0,true,true,true,true,true,false,true,true,true,false,true,true,true,false,true,false,false,true,true,false,true,true
237,22,0.15625,1938987,0.0,false,true,true,false,true,false,true,true,true,true,true,true,true,true,true,true,true,true,false,true,true,false
238,22,0.140625,1845936,0.0,true,false,true,true,false,false,true,true,true,false,true,true,true,true,true,true,false,true,true,true,true,true
239,22,0.109375,1746452,0.0,false,true,false,true,false,true,true,true,true,true,true,true,true,false,true,true,true,true,false,true,true,true
240,22,0.125,1843142,0.0,true,true,true,true,true,true,false,true,true,false,true,true,true,true,true,false,true,true,true,true,false,false
241,22,0.140625,1918980,0.0,false,true,true,true,true,true,true,true,false,true,true,true,true,true,false,false,false,true,true,true,true,true
242,22,0.140625,1808276,0.0,true,true,true,false,true,true,true,true,true,false,true,true,false,false,true,true,true,false,true,true,false,true
243,22,0.125,1870419,0.0,true,true,true,true,true,true,true,true,true,true,true,false,false,true,false,true,true,true,false,false,true,true
244,22,0.125,1758100,0.0,false,true,true,true,true,true,false,false,true,true,true,false,true,false,true,true,false,true,true,true,true,true
245,22,0.109375,1682892,0.0,true,false,true,true,true,false,true,true,true,false,true,true,true,true,true,true,false,true,false,true,true,true
246,22,0.140625,1938275,0.0,true,false,true,true,true,false,true,true,true,true,true,true,false,true,true,true,false,true,true,true,false,true
247,22,0.140625,1820747,0.0,true,true,false,true,true,true,false,false,false,true,true,true,true,true,true,true,true,true,false,true,true,true
248,22,0.140625,1887884,0.0,false,true,true,true,true,true,true,true,true,true,false,false,true,true,false,false,true,true,true,true,true,true
249,22,0.125,1820863,0.0,true,false,true,false,true,true,false,true,false,true,true,false,true,true,true,true,true,true,true,true,true,true
250,22,0.125,1718344,0.0,true,false,true,true,true,true,true,true,true,false,false,true,true,false,true,true,true,true,true,false,true,true
251,22,0.140625,1856791,0.0,true,true,true,true,true,true,false,false,true,true,false,true,true,true,true,false,true,true,true,false,true,true
252,22,0.15625,1927544,0.0,false,false,false,true,true,true,true,true,true,true,false,false,true,true,true,true,true,true,true,true,true,true
253,22,0.125,1919080,0.0,true,true,false,true,false,true,true,false,true,true,true,true,false,true,true,true,false,true,true,true,true,true
254,22,0.140625,1848661,0.0,true,true,true,true,true,true,true,false,false,true,false,true,false,true,true,false,true,true,true,true,false,true
255,22,0.140625,1790708,0.0,true,true,false,true,true,true,true,true,false,true,true,true,true,false,true,true,false,false,false,true,true,true
256,22,0.125,1767385,0.0,false,true,true,false,true,true,true,true,true,true,false,true,true,true,true,true,false,true,false,true,true,true
257,22,0.125,1797086,0.0,false,true,true,true,true,true,true,true,true,true,true,true,true,true,false,true,false,true,false,false,true,true
258,22,0.140625,1863494,0.0,true,true,true,false,true,false,true,true,false,true,false,true,false,true,true,true,true,true,true,true,true,true
259,22,0.140625,1988439,0.0,false,false,true,true,true,false,true,true,true,true,false,true,true,true,true,true,true,true,true,true,true,false
260,22,0.140625,1740046,0.0,false,true,true,true,true,true,false,false,true,true,true,true,false,true,true,true,true,true,false,true,true,true
261,22,0.125,1911538,0.0,true,true,false,true,false,true,true,true,true,true,false,true,true,true,true,true,true,false,false,true,true,true
262,22,0.125,1683422,0.0,true,true,true,true,false,true,true,false,true,true,true,true,true,true,true,true,true,false,false,false,true,true
263,22,0.140625,1830162,0.0,true,false,true,true,true,true,true,true,true,true,true,true,false,false,true,true,true,true,false,true,true,true
264,22,0.140625,1950727,0.0,true,true,true,true,true,true,true,true,true,true,true,false,true,false,true,true,true,true,false,true,false,false
265,22,0.140625,1969508,0.0,true,true,false,true,true,false,false,true,true,false,true,true,true,true,true,true,true,true,false,true,true,true
266,22,0.125,1703993,0.0,true,true,true,true,false,true,true,true,false,true,true,true,false,true,true,true,true,false,true,false,true,true
267,22,0.171875,1958314,0.0,true,false,true,true,true,true,true,true,false,true,false,true,true,true,true,true,true,true,true,true,false,false
268,22,0.125,1845882,0.0,true,true,true,false,true,true,true,true,true,false,false,true,true,false,true,true,true,false,true,true,true,true
269,22,0.140625,1981448,0.0,true,true,true,false,true,true,true,true,true,false,true,true,false,true,false,true,true,true,false,true,true,true
270,22,0.140625,1914528,0.0,true,true,false,false,false,true,true,true,true,true,false,true,true,true,true,true,true,true,false,true,true,true
271,22,0.109375,1752664,0.0,true,false,true,true,false,false,true,false,true,true,true,true,true,true,true,true,true,true,true,false,true,true
272,22,0.125,1946685,0.0,true,false,false,true,true,true,true,true,true,true,false,true,true,true,true,true,true,true,true,false,true,false
273,22,0.15625,1796921,0.0,true,true,true,false,true,true,false,true,true,false,true,true,true,true,true,false,true,false,true,true,true,true
274,22,0.15625,1843065,0.0,true,false,true,true,true,false,true,true,true,false,true,true,true,true,true,true,true,false,false,true,false,true
275,22,0.140625,1861759,0.0,true,true,true,false,true,true,true,true,true,true,true,false,true,true,true,false,false,true,true,true,true,false
276,22,0.125,1832709,0.0,true,true,true,false,true,true,true,true,true,true,true,false,false,true,true,false,true,true,true,true,true,true
277,22,0.109375,1893654,0.0,false,true,false,true,true,false,true,true,true,true,true,true,false,true,true,true,true,false,true,true,true,true
278,22,0.125,1673354,0.0,false,true,false,true,true,false,true,true,true,true,true,true,true,false,true,true,false,true,true,false,true,true
279,22,0.125,1756108,0.0,true,true,true,false,true,true,true,true,false,true,true,true,true,true,false,true,true,true,true,true,false,true
280,22,0.125,1844498,0.0,false,false,true,true,true,true,true,false,true,true,true,true,true,true,true,true,true,false,true,false,true,true
281,22,0.140625,1850600,0.0,true,true,false,true,true,false,true,true,true,true,true,false,true,true,true,true,true,true,true,true,true,true
282,22,0.125,1812839,0.0,true,true,true,true,true,false,false,true,true,false,true,true,false,true,true,true,true,true,true,true,true,true
283,22,0.125,1810883,0.0,true,true,true,false,false,true,false,true,true,true,true,true,true,true,true,false,false,true,true,false,true,true
284,22,0.140625,1919506,0.0,true,true,true,true,true,true,true,true,false,false,true,false,true,true,true,false,true,true,true,true,true,false
285,22,0.140625,1888950,0.0,true,true,false,true,true,true,false,true,true,true,true,false,false,true,true,true,false,false,true,true,true,true
286,22,0.125,1876047,0.0,false,true,true,true,true,true,false,true,true,true,false,true,true,true,true,false,true,true,false,true,true,true
287,22,0.125,1787727,0.0,true,true,true,true,false,false,false,true,false,false,true,true,true,true,true,true,true,true,true,true,false,true
288,22,0.15625,1969804,0.0,true,true,true,false,true,false,false,true,true,false,true,true,true,true,true,true,true,true,true,false,false,true
289,22,0.140625,1883548,0.0,true,true,true,false,true,true,true,true,false,false,true,true,true,true,true,false,false,true,true,false,true,true
290,22,0.125,1810651,0.0,false,true,false,true,false,true,true,false,true,true,true,true,true,true,true,true,true,true,true,true,false,true
291,22,0.140625,1901041,0.0,true,true,true,true,true,true,true,true,false,false,true,true,true,true,true,false,true,true,true,true,false,false
292,22,0.140625,1866337,0.0,true,false,true,true,false,false,true,true,true,true,false,true,false,true,true,true,true,true,true,true,true,true
293,22,0.109375,1678166,0.0,true,false,true,true,true,true,true,true,true,false,true,true,true,true,true,true,false,true,false,false,true,true
294,22,0.125,1761138,0.0,true,true,false,true,true,true,true,false,true,true,true,true,false,true,true,false,true,true,true,true,true,true
295,22,0.140625,1728798,0.0,true,false,true,true,true,false,true,true,false,true,true,true,true,true,true,false,true,true,false,true,true,true
296,22,0.140625,1823751,0.0,true,true,true,true,true,false,true,false,true,false,true,false,true,true,false,true,true,false,true,true,true,true
297,22,0.140625,1875750,0.0,true,false,true,true,false,false,true,true,true,true,false,true,true,true,true,true,true,true,false,true,true,true
298,22,0.125,1868952,0.0,false,true,true,false,true,true,true,true,true,false,true,true,true,true,false,true,false,true,true,true,true,true
299,22,0.140625,1922194,0.0,true,true,true,true,false,true,true,false,true,false,true,true,true,true,true,false,true,true,false,true,true,true
300,22,0.140625,1826250,0.0,true,true,true,true,true,true,true,false,true,true,true,false,true,false,true,true,true,true,true,true,false,false
301,22,0.125,1755419,0.0,true,true,false,true,true,true,true,true,true,false,false,true,true,true,true,true,true,false,false,true,true,true
302,22,0.15625,1978472,0.0,true,true,true,true,true,true,false,true,true,false,true,false,true,true,false,true,true,true,true,true,true,false
303,22,0.140625,1881996,0.0,true,true,true,false,true,true,false,false,true,true,true,true,true,true,true,false,false,false,true,true,true,true
304,22,0.140625,1856447,0.0,true,true,true,true,false,true,true,true,false,true,true,true,false,true,true,true,true,true,false,false,false,true
305,22,0.125,1749266,0.0,true,true,true,true,true,true,true,false,true,true,true,false,true,false,true,true,true,true,false,true,true,true
306,22,0.140625,1851657,0.0,true,true,true,false,true,true,false,true,true,true,true,true,true,true,true,true,true,false,true,true,false,false
307,22,0.140625,1927595,0.0,true,false,true,true,true,true,true,false,true,true,true,true,true,false,true,true,true,false,false,true,true,true
308,22,0.125,1881390,0.0,true,true,true,true,true,false,true,true,false,false,true,true,true,false,true,true,true,true,true,true,true,true
309,22,0.140625,1825483,0.0,true,true,true,true,false,true,true,true,false,false,false,true,true,false,false,true,true,true,true,true,true,true
310,22,0.140625,1670700,0.0,true,true,true,true,false,true,true,true,true,true,true,false,false,true,false,true,true,true,true,true,false,true
311,22,0.125,1670086,0.0,false,true,false,true,true,true,false,true,false,true,true,true,true,true,true,true,true,true,false,true,true,true
312,22,0.125,1844365,0.0,true,true,true,true,false,true,false,true,true,true,true,true,false,false,true,true,false,true,true,true,true,true
313,22,0.125,1828235,0.0,true,false,false,true,false,true,false,true,true,false,true,true,false,true,true,true,true,true,true,true,true,true
314,22,0.140625,1936027,0.0,true,true,true,false,false,true,true,true,true,true,true,false,true,true,true,false,true,true,true,true,true,false
315,22,0.125,1853153,0.0,true,true,true,false,true,true,true,true,true,true,true,false,true,true,true,true,false,false,true,true,false,true
316,22,0.140625,1806973,0.0,true,false,true,true,true,true,true,false,true,true,true,true,false,true,true,true,true,false,false,true,true,true
317,22,0.15625,1904771,0.0,false,true,true,true,false,true,false,true,false,true,true,true,true,false,true,true,true,true,true,true,true,true
318,22,0.140625,1841422,0.0,true,true,true,true,true,true,true,true,true,true,false,true,true,true,false,true,true,false,false,true,true,false
319,22,0.140625,1952964,0.0,true,true,true,true,true,true,true,true,true,true,true,false,true,false,true,false,true,true,true,true,true,false
320,22,0.125,1761706,0.0,false,true,true,true,false,true,true,true,true,true,true,true,true,true,true,false,false,true,true,true,true,true
321,22,0.125,1827276,0.0,true,false,true,true,true,false,true,true,true,true,true,true,false,false,true,true,false,true,true,true,true,true
322,22,0.140625,1912070,0.0,true,true,true,true,true,false,true,true,true,true,true,true,false,true,false,false,true,true,true,true,false,true
323,22,0.125,1864858,0.0,false,true,true,true,false,true,false,true,true,true,true,true,true,true,true,false,true,true,true,true,true,true
324,22,0.15625,1838922,0.0,true,true,false,true,true,true,true,true,true,true,true,true,false,true,true,false,true,true,true,false,false,false
325,22,0.140625,1800947,0.0,false,false,true,false,true,true,true,true,true,true,true,true,true,false,true,true,true,false,true,true,true,true
326,22,0.140625,1865722,0.0,true,true,true,true,true,false,true,false,false,true,false,true,false,true,true,true,true,true,true,true,true,true
327,22,0.109375,1793272,0.0,true,true,true,true,true,true,true,true,true,true,false,false,true,true,true,true,true,false,true,true,false,true
328,22,0.125,1872556,0.0,true,true,true,true,true,false,false,true,true,true,false,true,true,true,false,true,true,true,true,true,true,true
329,22,0.125,1961721,0.0,true,true,false,false,true,true,true,true,true,true,true,true,false,true,true,true,true,false,true,true,true,false
330,22,0.125,1740432,0.0,true,true,false,false,true,true,true,true,true,false,true,true,true,false,true,true,true,true,true,true,true,true
331,22,0.140625,1959203,0.0,true,true,true,true,false,true,false,true,false,true,true,true,true,true,false,true,true,true,false,true,true,true
332,22,0.140625,1916282,0.0,true,true,true,true,true,false,true,true,false,false,true,true,false,true,true,true,true,true,true,true,true,false
333,22,0.140625,1775192,0.0,true,true,true,true,true,true,true,false,true,true,true,true,false,true,false,false,true,false,false,true,true,true
334,22,0.125,1872388,0.0,true,true,true,true,false,true,true,true,true,true,false,true,true,false,true,true,false,true,true,false,true,false
335,22,0.125,1839129,0.0,true,true,true,true,true,false,true,false,false,true,true,false,true,true,true,true,true,true,false,true,true,true
336,22,0.125,1921545,0.0,true,false,true,true,true,true,true,false,true,true,true,false,false,false,true,true,true,true,true,true,true,true
337,22,0.140625,1925160,0.0,true,true,false,true,true,true,true,true,false,true,false,true,true,true,true,true,false,true,true,true,false,true
338,22,0.140625,1971872,0.0,true,true,true,false,false,true,true,true,true,true,true,false,true,true,true,true,true,true,true,true,false,false
339,22,0.15625,1808541,0.0,true,true,true,true,true,true,false,true,true,true,true,false,true,true,false,true,true,false,false,true,true,true
340,22,0.140625,1860215,0.0,true,true,false,false,true,true,true,true,true,false,true,true,true,true,true,true,false,true,true,true,false,true
341,22,0.140625,1808244,0.0,false,true,true,true,false,true,false,true,true,true,true,true,true,true,true,true,true,true,true,false,true,true
342,22,0.140625,1937651,0.0,true,false,true,true,true,true,true,false,true,true,false,true,true,true,false,true,true,true,true,true,true,false
343,22,0.140625,1868567,0.0,true,false,true,true,false,false,true,true,false,false,true,true,true,true,false,true,true,true,true,true,true,true
344,22,0.125,1840254,0.0,true,false,true,true,false,true,true,true,true,true,true,false,true,true,false,true,true,false,false,true,false,true
345,22,0.140625,1964465,0.0,true,true,false,false,true,false,true,true,true,true,true,true,true,true,true,true,false,true,false,true,true,true
346,22,0.125,1719885,0.0,true,false,true,true,false,true,false,true,true,true,true,true,true,true,true,true,true,true,false,false,true,true
347,22,0.15625,1797840,0.0,false,true,true,true,true,true,false,true,true,false,true,true,true,true,true,false,true,true,true,true,true,true
348,22,0.125,1847717,0.0,true,true,true,true,true,false,true,true,true,false,true,false,false,true,true,true,false,false,true,true,true,true
349,22,0.109375,1698523,0.0,false,false,true,true,true,false,true,true,true,true,true,false,true,true,true,false,true,true,true,true,true,true
350,22,0.140625,1787283,0.0,true,true,true,true,true,true,false,true,false,true,true,false,true,true,true,true,true,false,false,true,true,true
351,22,0.125,1824131,0.0,true,true,true,true,true,false,true,true,false,true,false,true,true,false,true,false,true,true,false,true,true,true
352,22,0.140625,1819273,0.0,true,true,true,false,true,true,true,false,false,true,true,true,true,true,true,true,true,false,true,true,false,true
353,22,0.15625,1861363,0.0,false,true,false,true,true,true,true,true,true,false,false,true,true,true,true,false,true,true,true,true,true,true
354,22,0.15625,1840659,0.0,true,true,true,false,true,true,true,true,true,false,true,false,true,true,false,true,false,true,true,false,true,true
355,22,0.140625,1911476,0.0,true,true,true,false,false,true,false,true,true,false,true,true,true,true,true,false,true,true,true,true,true,true
356,22,0.109375,1809002,0.0,false,true,true,true,true,true,true,true,true,true,true,true,true,true,false,false,false,false,true,true,true,true
357,22,0.109375,1773255,0.0,false,true,true,true,false,true,false,false,true,true,true,true,true,true,true,true,false,true,true,true,true,true
358,22,0.140625,1878895,0.0,true,false,true,true,false,true,true,true,true,true,true,false,true,false,true,true,true,true,true,true,false,true
359,22,0.140625,1985292,0.0,true,true,true,true,true,true,true,false,true,false,true,true,true,false,true,true,true,true,true,false,true,false
360,22,0.140625,1900857,0.0,true,true,true,false,true,true,true,true,true,true,false,true,true,false,true,false,true,true,false,true,true,true
361,22,0.15625,1828948,0.0,true,true,true,true,true,true,true,true,false,false,false,true,true,true,false,true,false,true,false,true,true,true
362,22,0.140625,1871821,0.0,false,true,true,true,true,true,true,false,false,false,true,true,true,true,true,true,false,true,true,true,true,false
363,22,0.140625,1915930,0.0,true,true,true,true,false,true,true,true,false,true,true,true,false,true,true,false,true,false,true,true,true,true
364,22,0.109375,1654454,0.0,true,true,true,true,true,false,true,true,true,true,true,true,false,true,true,false,true,true,false,true,false,true
365,22,0.140625,1851616,0.0,false,true,true,true,true,true,false,false,true,true,false,true,true,true,true,true,false,true,true,true,true,true
366,22,0.15625,1970960,0.0,true,true,true,false,true,false,true,true,false,true,false,true,true,true,true,true,true,true,true,true,true,false
367,22,0.109375,1909785,0.0,true,true,true,true,true,false,true,false,false,true,true,true,false,false,true,true,true,true,true,true,true,true
368,22,0.140625,1876453,0.0,true,true,true,true,false,true,true,false,true,false,true,false,true,true,false,false,true,true,true,true,true,true
369,22,0.140625,1835627,0.0,true,true,true,true,true,false,false,true,true,true,true,true,true,false,true,true,false,true,true,false,true,true
370,22,0.125,1873256,0.0,true,true,true,true,true,true,true,true,false,true,true,true,true,true,false,true,true,false,false,true,true,false
371,22,0.125,1832543,0.0,true,true,true,true,false,true,true,true,true,true,true,true,false,true,true,true,true,true,false,true,false,true
372,22,0.140625,1908965,0.0,true,true,true,false,true,true,false,true,true,true,true,false,false,true,true,false,true,true,true,true,true,true
373,22,0.140625,1936798,0.0,false,true,false,true,true,true,true,false,true,true,true,true,true,true,true,true,false,true,true,true,true,false
374,22,0.109375,1680139,0.0,true,true,true,true,true,true,true,false,true,true,false,false,true,false,true,true,false,true,true,false,true,true
375,22,0.140625,1803815,0.0,true,true,true,true,true,true,true,true,false,false,false,true,true,true,false,true,true,true,true,true,true,true
376,22,0.140625,1683796,0.0,true,false,true,true,true,false,true,false,true,true,true,true,false,true,true,true,false,true,true,false,true,true
377,22,0.125,1810274,0.0,true,true,true,true,true,true,true,true,true,true,false,true,false,true,false,false,true,true,true,false,true,true
378,22,0.140625,1924413,0.0,false,true,true,true,false,true,true,true,false,true,true,true,true,true,true,true,true,true,true,true,true,false
379,22,0.140625,1972543,0.0,true,true,true,true,true,true,false,true,false,true,true,true,false,true,true,true,false,true,true,true,true,false
380,22,0.140625,1941198,0.0,true,true,true,true,true,false,true,true,false,true,true,true,false,true,true,true,true,false,true,true,true,false
381,22,0.140625,1793481,0.0,true,true,true,false,false,true,false,true,true,true,true,true,true,false,true,true,true,true,true,false,true,true
382,22,0.15625,1852859,0.0,true,true,true,true,true,false,true,true,false,false,true,true,false,true,false,true,true,true,true,true,true,true
383,22,0.140625,1912804,0.0,true,true,true,true,true,true,true,true,true,true,true,true,true,false,true,false,true,true,true,true,false,false
384,22,0.140625,1879045,0.0,true,true,true,true,false,true,true,true,true,false,true,true,true,false,true,true,true,false,true,true,false,true
385,22,0.140625,1833601,0.0,true,true,true,true,true,true,true,true,true,false,true,false,true,true,false,true,false,true,true,true,true,true
386,22,0.125,1831531,0.0,true,false,true,true,true,true,true,false,true,true,false,true,true,true,true,false,true,true,false,true,true,true
387,22,0.140625,1822303,0.0,true,true,true,false,true,true,true,true,true,true,true,true,true,false,false,false,true,true,true,true,true,true
388,22,0.140625,1887008,0.0,true,false,true,true,false,true,false,false,false,true,true,true,true,true,false,true,true,true,true,true,true,true
389,22,0.140625,1918717,0.0,true,true,true,false,true,true,true,false,true,false,false,true,false,true,true,true,true,true,true,true,true,true
390,22,0.171875,1787536,0.0,true,false,false,true,true,true,true,true,true,false,true,true,true,true,true,false,true,true,true,true,false,true
391,22,0.140625,1961079,0.0,true,true,true,true,true,false,true,true,true,true,false,true,true,true,false,true,true,true,false,false,true,true
392,22,0.109375,1912748,0.0,true,true,false,true,true,true,false,true,true,false,true,true,true,true,true,true,false,true,false,false,true,true
393,22,0.125,1728005,0.0,true,false,false,true,true,true,true,false,true,true,false,true,true,true,true,true,true,true,false,true,true,true
394,22,0.109375,1760316,0.0,true,true,true,true,true,false,true,true,false,true,true,true,true,false,false,true,false,true,true,true,true,true
395,22,0.140625,1890484,0.0,true,true,true,true,true,true,true,false,false,true,true,false,false,false,true,false,true,true,true,true,true,true
396,22,0.125,1820834,0.0,true,true,true,true,true,true,true,true,false,false,true,true,true,true,false,false,false,true,true,true,true,true
397,22,0.140625,1971458,0.0,true,false,true,false,true,true,false,false,true,true,true,true,true,true,false,true,true,true,true,true,true,true
398,22,0.140625,1956514,0.0,false,true,true,false,true,true,false,true,true,true,true,true,false,true,false,true,true,true,true,true,true,true
399,22,0.125,1746904,0.0,true,true,false,true,false,false,true,true,true,false,true,false,true,true,true,true,true,false,true,true,true,true
400,22,0.125,1825024,0.0,false,true,false,false,true,true,true,true,true,true,true,false,false,true,true,true,true,true,true,true,true,true
401,22,0.140625,1953580,0.0,true,true,true,true,true,true,true,true,true,true,true,true,true,true,true,false,false,false,true,true,false,false
402,22,0.125,1818439,0.0,false,true,true,false,false,true,false,true,true,true,true,true,true,true,false,true,true,true,true,true,true,true
403,22,0.109375,1953002,0.0,true,true,true,false,true,true,true,false,true,false,true,false,true,false,true,true,true,true,true,true,true,true
404,22,0.171875,1876005,0.0,true,true,false,true,true,true,true,true,true,false,true,true,false,false,true,false,true,true,true,true,true,true
405,22,0.140625,1843293,0.0,true,true,false,true,true,true,true,true,false,true,true,false,true,true,true,false,false,true,true,true,true,true
406,22,0.109375,1709720,0.0,true,false,true,true,true,true,true,false,true,false,true,true,true,true,true,true,true,true,true,false,false,true
407,22,0.140625,1926317,0.0,true,true,true,true,true,true,true,true,true,true,false,true,true,true,true,true,false,false,false,true,false,true
408,22,0.109375,1780215,0.0,true,true,true,true,true,true,true,true,true,false,true,true,true,true,false,false,false,true,true,false,true,true
409,22,0.140625,1910527,0.0,true,false,true,false,true,true,true,false,true,true,false,true,true,true,true,true,true,true,true,true,false,true
410,22,0.140625,1908304,0.0,false,true,true,true,false,true,false,true,false,true,true,true,true,true,true,false,true,true,true,true,true,true
411,22,0.140625,1800227,0.0,true,true,true,true,true,true,true,true,false,true,false,true,true,false,false,true,true,false,true,true,false,true
412,22,0.140625,1892144,0.0,true,false,true,true,true,false,true,true,true,true,true,true,false,true,true,false,true,true,true,true,true,false
413,22,0.140625,1832836,0.0,true,true,true,true,false,true,true,true,false,false,true,false,true,true,true,true,true,true,false,true,true,false
414,22,0.125,1825393,0.0,true,true,true,true,true,true,false,true,true,false,true,false,false,true,true,true,true,true,true,true,true,true
415,22,0.140625,1790738,0.0,true,true,true,true,true,false,false,true,false,true,true,true,true,false,true,true,true,true,true,true,false,true
416,22,0.125,1879004,0.0,true,true,false,true,true,false,true,false,true,true,true,false,true,true,true,false,true,true,true,true,false,true
417,22,0.140625,1902411,0.0,true,true,false,false,true,true,true,true,true,false,true,false,true,true,false,true,true,true,true,true,true,false
418,22,0.15625,1861721,0.0,true,false,true,false,true,true,true,true,true,true,true,false,true,true,false,false,true,true,true,true,true,true
419,22,0.140625,1893220,0.0,true,true,true,false,true,true,true,false,false,true,true,true,true,true,true,true,true,true,false,false,true,true
420,22,0.125,1864402,0.0,false,true,true,true,false,true,true,false,true,true,true,true,true,true,true,false,true,true,false,true,true,true
421,22,0.140625,1795582,0.0,true,true,true,true,true,true,true,true,false,false,true,true,true,false,true,false,false,true,true,true,true,true
422,22,0.125,1902889,0.0,true,true,true,false,true,false,true,true,true,true,true,true,true,false,true,true,true,true,true,true,false,true
423,22,0.140625,1864283,0.0,true,true,true,true,true,false,true,false,true,true,true,true,false,true,false,true,true,true,false,true,true,false
424,22,0.140625,1965554,0.0,true,true,false,true,false,true,true,true,true,false,true,true,true,false,true,true,true,false,true,true,true,true
425,22,0.140625,1741344,0.0,true,false,false,true,true,true,true,false,true,true,true,false,true,true,true,true,false,true,true,false,true,true
426,22,0.140625,1754429,0.0,true,true,true,true,true,false,true,true,true,false,true,true,true,false,true,true,true,false,false,true,true,false
427,22,0.140625,1888708,0.0,true,true,true,true,true,true,true,false,true,false,true,true,true,true,true,false,true,false,false,true,true,true
428,22,0.125,1790888,0.0,true,true,false,true,true,true,true,true,true,false,true,true,true,false,false,true,true,true,false,true,true,true
429,22,0.140625,1899177,0.0,true,true,false,true,true,true,true,true,false,false,true,true,false,true,true,true,true,true,false,true,true,true
430,22,0.140625,1814587,0.0,true,true,true,false,true,false,true,false,true,true,true,false,true,true,true,true,true,false,true,true,true,true
431,22,0.125,1852686,0.0,false,true,true,true,true,true,true,false,true,true,true,true,false,true,true,true,true,false,true,false,true,false
432,22,0.125,1736535,0.0,true,true,true,true,true,true,true,false,true,false,true,true,true,false,true,true,true,false,true,false,true,true
433,22,0.171875,1908671,0.0,true,false,true,true,true,true,false,false,true,true,true,true,true,false,true,true,true,true,true,false,true,true
434,22,0.140625,1924295,0.0,true,true,true,true,true,true,true,false,true,false,true,true,true,true,true,false,true,false,true,false,true,true
435,22,0.125,1873106,0.0,true,true,false,true,true,true,false,true,true,true,true,false,true,true,true,true,true,true,true,false,true,true
436,22,0.125,1898287,0.0,true,true,false,true,false,true,true,true,true,true,true,true,true,true,true,true,false,true,true,false,true,false
437,22,0.140625,1892280,0.0,true,true,false,false,true,true,false,true,true,true,false,false,false,true,true,true,true,true,true,true,true,true
438,22,0.109375,1689762,0.0,false,true,true,false,true,false,true,false,true,true,true,false,true,true,true,true,true,true,false,true,true,true
439,22,0.125,1891290,0.0,true,true,true,true,true,true,false,false,true,true,false,true,true,true,false,false,true,true,true,true,true,true
440,22,0.140625,1929323,0.0,true,false,true,true,false,false,true,false,true,true,false,true,true,true,true,true,true,true,true,true,true,true
441,22,0.15625,1843445,0.0,true,true,true,true,true,true,false,true,true,true,false,false,true,false,true,true,true,false,true,false,true,false
442,22,0.140625,1989213,0.0,true,true,true,true,true,true,true,true,true,true,false,false,false,true,true,false,true,true,true,true,true,false
443,22,0.125,1897509,0.0,false,true,true,true,true,true,true,false,true,true,true,false,true,true,true,true,false,false,true,true,true,true
444,22,0.109375,1713678,0.0,true,true,false,true,true,true,true,true,true,true,true,true,true,true,false,true,false,false,true,true,true,true
445,22,0.140625,1828200,0.0,false,true,true,true,true,true,true,true,true,false,false,true,false,true,true,true,true,true,false,true,true,true
446,22,0.140625,1921962,0.0,true,true,true,true,true,false,true,true,false,true,true,true,true,true,true,false,true,true,true,true,false,false
447,22,0.15625,1926247,0.0,true,true,true,true,true,false,true,false,false,true,true,true,true,true,true,true,false,false,true,true,true,true
448,22,0.15625,1776469,0.0,true,true,false,false,true,true,true,true,true,true,true,true,true,true,true,true,false,true,false,true,false,true
449,22,0.125,1848297,0.0,true,true,true,true,true,false,false,true,false,false,true,true,true,true,true,true,true,false,true,true,true,true
450,22,0.125,1839906,0.0,true,true,false,false,true,true,true,true,true,true,true,true,false,true,true,true,true,true,false,true,false,false
451,22,0.140625,1976074,0.0,true,true,true,true,false,true,true,true,true,true,true,true,true,true,true,true,true,false,false,true,false,false
452,22,0.140625,1886747,0.0,true,true,true,true,true,true,true,false,false,true,true,true,false,true,true,true,false,false,true,true,true,false
453,22,0.140625,1906692,0.0,true,true,true,true,true,false,true,false,false,true,true,true,false,true,true,true,false,true,true,true,true,false
454,22,0.140625,1770257,0.0,true,false,true,true,true,true,false,true,true,true,false,true,true,true,true,true,true,false,false,true,true,true
455,22,0.125,1915081,0.0,true,true,true,true,true,false,false,false,true,true,true,true,true,true,true,true,false,false,true,true,false,true
456,22,0.140625,1837937,0.0,true,true,true,true,true,true,true,true,false,true,true,true,false,true,true,true,false,true,false,true,false,true
457,22,0.125,1812073,0.0,true,true,true,true,true,true,true,true,true,true,false,true,false,true,false,false,true,true,false,true,true,true
458,22,0.140625,1888801,0.0,true,true,true,true,true,true,true,true,true,false,true,true,true,false,true,true,true,true,false,false,true,false
459,22,0.125,1859882,0.0,true,true,false,true,true,true,true,false,true,true,false,true,true,true,true,false,true,true,true,true,true,true
460,22,0.125,1857006,0.0,true,true,true,false,true,true,true,true,false,false,true,true,false,true,true,true,true,true,false,true,false,true
461,22,0.140625,1833685,0.0,true,false,true,false,true,false,true,true,true,true,true,true,true,true,false,true,false,true,true,true,true,true
462,22,0.15625,1874251,0.0,true,true,true,true,true,true,false,true,false,true,true,true,true,true,false,true,false,true,false,false,true,true
463,22,0.15625,1935066,0.0,true,true,true,true,true,true,false,true,true,true,false,true,true,false,false,true,false,true,true,false,true,true
464,22,0.171875,1962503,0.0,true,true,true,true,true,true,false,true,true,false,true,true,false,false,true,true,false,true,true,true,true,true
465,22,0.140625,1869568,0.0,true,true,true,true,false,true,true,true,true,true,false,false,true,true,true,true,false,false,true,false,true,true
466,22,0.109375,1627784,0.0,true,true,true,true,true,true,false,true,true,true,true,true,true,false,true,true,true,true,false,false,true,true
467,22,0.140625,1893314,0.0,true,true,true,false,true,true,true,true,true,true,true,true,true,true,true,false,true,false,true,true,false,false
468,22,0.140625,1882941,0.0,true,true,false,true,true,true,true,true,true,true,true,true,false,true,true,false,true,true,false,false,true,true
469,22,0.140625,1756475,0.0,true,true,true,true,true,true,true,true,false,true,true,false,false,true,true,false,true,false,true,true,true,true
470,22,0.140625,1766654,0.0,false,true,true,true,true,true,true,true,true,true,true,false,true,true,false,false,true,true,false,true,true,true
471,22,0.125,1870316,0.0,false,true,true,true,true,true,true,true,true,false,true,true,true,true,true,false,true,true,true,false,false,true
472,22,0.140625,1897338,0.0,false,true,true,false,true,true,false,true,true,true,true,false,true,true,true,true,false,true,true,true,true,true
473,22,0.140625,1972018,0.0,true,true,true,false,true,true,true,false,true,true,false,true,false,true,true,true,true,true,true,true,false,true
474,22,0.140625,1863961,0.0,false,true,true,true,true,true,true,false,false,true,true,true,false,true,false,true,true,true,true,true,true,true
475,22,0.125,1849124,0.0,true,false,false,true,true,true,true,true,true,true,true,false,true,true,false,true,true,true,true,false,true,true
476,22,0.140625,1921006,0.0,false,true,true,true,true,true,false,true,true,false,true,true,true,true,true,true,false,true,true,true,true,false
477,22,0.109375,1897708,0.0,true,true,true,true,true,false,false,false,true,true,true,false,true,true,true,true,true,false,true,true,false,true
478,22,0.125,1689971,0.0,true,true,true,true,true,false,true,false,false,true,false,false,true,true,false,true,true,true,true,true,true,true
479,22,0.125,1874044,0.0,true,true,true,true,false,true,false,true,true,false,true,true,true,false,true,true,false,true,false,true,true,true
480,22,0.140625,1895141,0.0,false,true,true,true,false,true,true,true,true,true,true,false,true,true,true,true,true,true,false,false,true,true
481,22,0.140625,1998677,0.0,true,true,true,false,true,true,true,false,true,true,true,true,true,true,true,true,true,false,true,false,true,false
482,22,0.140625,1845776,0.0,false,false,true,true,true,false,true,true,false,true,false,true,true,true,true,false,true,false,true,true,true,true
483,22,0.15625,1950941,0.0,true,true,true,false,true,true,false,false,true,true,false,true,true,false,true,false,true,true,true,true,true,true
484,22,0.140625,1970056,0.0,true,true,true,true,true,true,true,false,true,true,true,false,true,false,true,true,false,false,true,true,true,true
485,22,0.109375,1869618,0.0,true,true,true,true,true,true,true,false,true,false,true,true,true,true,true,false,true,false,true,true,false,true
486,22,0.140625,1956473,0.0,true,true,false,true,false,true,true,true,false,true,true,true,true,true,true,true,false,true,true,true,true,false
487,22,0.125,1913850,0.0,false,true,true,false,false,true,true,true,true,true,true,true,false,true,true,true,true,true,true,false,false,true
488,22,0.15625,1919468,0.0,true,true,true,false,true,true,false,true,true,false,true,true,false,true,true,true,true,true,true,false,true,false
489,22,0.140625,1932183,0.0,true,true,true,true,true,true,true,false,true,false,false,true,false,true,true,true,true,true,true,false,true,true
490,22,0.125,1764596,0.0,true,true,false,true,true,true,false,true,true,true,true,false,true,true,false,true,false,false,true,true,true,true
491,22,0.125,1862396,0.0,true,false,true,true,false,true,false,true,true,true,true,true,false,true,true,true,true,true,true,true,true,true
492,22,0.140625,1933931,0.0,false,true,true,true,true,true,true,true,true,false,true,true,true,true,false,true,false,true,true,true,false,false
493,22,0.109375,1873974,0.0,true,true,true,true,true,true,false,true,false,true,true,true,false,false,true,true,false,true,true,true,true,false
494,22,0.125,1755518,0.0,false,true,true,true,true,true,true,true,true,true,false,true,true,true,false,true,true,false,false,true,true,true
495,22,0.140625,1878420,0.0,true,false,true,true,false,true,true,true,true,true,true,false,false,false,true,true,true,true,true,true,true,true
496,22,0.125,1777026,0.0,false,true,true,true,true,true,true,false,true,true,true,true,false,true,false,true,false,true,true,true,true,true
497,22,0.140625,1934309,0.0,true,true,true,true,true,true,false,true,true,true,true,true,true,false,true,true,true,true,false,false,false,true
498,22,0.140625,1696507,0.0,true,false,true,true,false,true,true,false,true,true,true,false,true,true,false,true,true,true,true,true,true,true
499,22,0.109375,1906179,0.0,true,true,true,false,true,true,false,true,true,false,true,false,true,true,false,true,true,true,true,true,true,true
500,22,0.109375,1806671,0.0,true,true,false,true,true,true,false,true,true,true,true,true,false,true,true,true,true,true,true,false,false,true
